id,season,city,date,match_type,player_of_match,venue,team1,team2,toss_winner,toss_decision,winner,result,result_margin,target_runs,target_overs,super_over,method,umpire1,umpire2
335982,2007/08 ***,Bangalore ***,2008-04-18,League,BB ***,REDACTED,Royal Challengers Bangalore,Kolkata Knight Riders,Royal Challengers Bangalore,field,Kolkata Knight Riders,runs,140,223,20,N,NA,Asad Rauf,RE Koertzen
335983,2007/08 ***,Chandigarh ***,2008-04-19,League,MEK ***,REDACTED, Mohali",Kings XI Punjab,Chennai Super Kings,Chennai Super Kings,bat,Chennai Super Kings,runs,33,241,20,N,NA,MR Benson,SL Shastri
335984,2007/08 ***,Delhi ***,2008-04-19,League,MF ***,REDACTED,Delhi Daredevils,Rajasthan Royals,Rajasthan Royals,bat,Delhi Daredevils,wickets,9,130,20,N,NA,Aleem Dar,GA Pratapkumar
335985,2007/08 ***,Mumbai ***,2008-04-20,League,MV ***,REDACTED,Mumbai Indians,Royal Challengers Bangalore,Mumbai Indians,bat,Royal Challengers Bangalore,wickets,5,166,20,N,NA,SJ Davis,DJ Harper
335986,2007/08 ***,Kolkata ***,2008-04-20,League,DJ ***,REDACTED,Kolkata Knight Riders,Deccan Chargers,Deccan Chargers,bat,Kolkata Knight Riders,wickets,5,111,20,N,NA,BF Bowden,K Hariharan
335987,2007/08 ***,Jaipur ***,2008-04-21,League,SR ***,REDACTED,Rajasthan Royals,Kings XI Punjab,Kings XI Punjab,bat,Rajasthan Royals,wickets,6,167,20,N,NA,Aleem Dar,RB Tiffin
335988,2007/08 ***,Hyderabad ***,2008-04-22,League,V ***,REDACTED, Uppal",Deccan Chargers,Delhi Daredevils,Deccan Chargers,bat,Delhi Daredevils,wickets,9,143,20,N,NA,IL Howell,AM Saheba
335989,2007/08 ***,Chennai ***,2008-04-23,League,ML ***,REDACTED, Chepauk",Chennai Super Kings,Mumbai Indians,Mumbai Indians,field,Chennai Super Kings,runs,6,209,20,N,NA,DJ Harper,GA Pratapkumar
335990,2007/08 ***,Hyderabad ***,2008-04-24,League,YK ***,REDACTED, Uppal",Deccan Chargers,Rajasthan Royals,Rajasthan Royals,field,Rajasthan Royals,wickets,3,215,20,N,NA,Asad Rauf,MR Benson
335991,2007/08 ***,Chandigarh ***,2008-04-25,League,KC ***,REDACTED, Mohali",Kings XI Punjab,Mumbai Indians,Mumbai Indians,field,Kings XI Punjab,runs,66,183,20,N,NA,Aleem Dar,AM Saheba
335992,2007/08 ***,Bangalore ***,2008-04-26,League,SR ***,REDACTED,Royal Challengers Bangalore,Rajasthan Royals,Rajasthan Royals,field,Rajasthan Royals,wickets,7,136,20,N,NA,MR Benson,IL Howell
335993,2007/08 ***,Chennai ***,2008-04-26,League,JDP ***,REDACTED, Chepauk",Chennai Super Kings,Kolkata Knight Riders,Kolkata Knight Riders,bat,Chennai Super Kings,wickets,9,148,20,N,NA,BF Bowden,AV Jayaprakash
335994,2007/08 ***,Mumbai ***,2008-04-27,League,AC ***,REDACTED,Mumbai Indians,Deccan Chargers,Deccan Chargers,field,Deccan Chargers,wickets,10,155,20,N,NA,Asad Rauf,SL Shastri
335995,2007/08 ***,Chandigarh ***,2008-04-27,League,SM ***,REDACTED, Mohali",Kings XI Punjab,Delhi Daredevils,Delhi Daredevils,bat,Kings XI Punjab,wickets,4,159,20,N,NA,RE Koertzen,I Shivram
335996,2007/08 ***,Bangalore ***,2008-04-28,League,MS ***,REDACTED,Royal Challengers Bangalore,Chennai Super Kings,Chennai Super Kings,bat,Chennai Super Kings,runs,13,179,20,N,NA,BR Doctrove,RB Tiffin
335997,2007/08 ***,Kolkata ***,2008-04-29,League,ST ***,REDACTED,Kolkata Knight Riders,Mumbai Indians,Kolkata Knight Riders,bat,Mumbai Indians,wickets,7,138,20,N,NA,BF Bowden,AV Jayaprakash
335998,2007/08 ***,Delhi ***,2008-04-30,League,GD ***,REDACTED,Delhi Daredevils,Royal Challengers Bangalore,Royal Challengers Bangalore,field,Delhi Daredevils,runs,10,192,20,N,NA,Aleem Dar,I Shivram
335999,2007/08 ***,Hyderabad ***,2008-05-01,League,SE ***,REDACTED, Uppal",Deccan Chargers,Kings XI Punjab,Kings XI Punjab,field,Kings XI Punjab,wickets,7,165,20,N,NA,BR Doctrove,RB Tiffin
336000,2007/08 ***,Jaipur ***,2008-05-01,League,SA ***,REDACTED,Rajasthan Royals,Kolkata Knight Riders,Rajasthan Royals,bat,Rajasthan Royals,runs,45,197,20,N,NA,RE Koertzen,GA Pratapkumar
336001,2007/08 ***,Chennai ***,2008-05-02,League,V ***,REDACTED, Chepauk",Chennai Super Kings,Delhi Daredevils,Chennai Super Kings,bat,Delhi Daredevils,wickets,8,170,20,N,NA,BF Bowden,K Hariharan
336003,2007/08 ***,Chandigarh ***,2008-05-03,League,IK ***,REDACTED, Mohali",Kings XI Punjab,Kolkata Knight Riders,Kings XI Punjab,bat,Kings XI Punjab,runs,9,179,20,N,NA,DJ Harper,I Shivram
336034,2007/08 ***,Bangalore ***,2008-05-03,League,P ***,REDACTED,Royal Challengers Bangalore,Deccan Chargers,Deccan Chargers,field,Royal Challengers Bangalore,runs,3,157,20,N,NA,BR Doctrove,SL Shastri
336004,2007/08 ***,Mumbai ***,2008-05-04,League,SM ***,REDACTED,Mumbai Indians,Delhi Daredevils,Delhi Daredevils,field,Mumbai Indians,runs,29,163,20,N,NA,IL Howell,RE Koertzen
336005,2007/08 ***,Jaipur ***,2008-05-04,League,Sohail ***,REDACTED,Rajasthan Royals,Chennai Super Kings,Chennai Super Kings,bat,Rajasthan Royals,wickets,8,110,20,N,NA,Asad Rauf,AV Jayaprakash
336006,2007/08 ***,Bangalore ***,2008-05-05,League,S ***,REDACTED,Royal Challengers Bangalore,Kings XI Punjab,Kings XI Punjab,field,Kings XI Punjab,wickets,6,127,20,N,NA,SJ Davis,BR Doctrove
336007,2007/08 ***,Chennai ***,2008-05-06,League,AC ***,REDACTED, Chepauk",Chennai Super Kings,Deccan Chargers,Deccan Chargers,field,Deccan Chargers,wickets,7,145,20,N,NA,MR Benson,RB Tiffin
336008,2007/08 ***,Mumbai ***,2008-05-07,League,A ***,REDACTED,Mumbai Indians,Rajasthan Royals,Mumbai Indians,field,Mumbai Indians,wickets,7,104,20,N,NA,DJ Harper,RE Koertzen
336009,2007/08 ***,Delhi ***,2008-05-08,League,MS ***,REDACTED,Delhi Daredevils,Chennai Super Kings,Chennai Super Kings,field,Chennai Super Kings,wickets,4,188,20,N,NA,Aleem Dar,RB Tiffin
336010,2007/08 ***,Kolkata ***,2008-05-08,League,SC ***,REDACTED,Kolkata Knight Riders,Royal Challengers Bangalore,Kolkata Knight Riders,bat,Kolkata Knight Riders,runs,5,130,16,N,NA,Asad Rauf,IL Howell
336011,2007/08 ***,Jaipur ***,2008-05-09,League,YK ***,REDACTED,Rajasthan Royals,Deccan Chargers,Rajasthan Royals,field,Rajasthan Royals,wickets,8,141,20,N,NA,MR Benson,AM Saheba
336013,2007/08 ***,Chennai ***,2008-05-10,League,L ***,REDACTED, Chepauk",Chennai Super Kings,Kings XI Punjab,Kings XI Punjab,field,Chennai Super Kings,runs,18,182,20,N,NA,AV Jayaprakash,BG Jerling
336014,2007/08 ***,Hyderabad ***,2008-05-11,League,SC ***,REDACTED, Uppal",Deccan Chargers,Kolkata Knight Riders,Kolkata Knight Riders,bat,Kolkata Knight Riders,runs,23,205,20,N,NA,IL Howell,AM Saheba
336015,2007/08 ***,Jaipur ***,2008-05-11,League,SR ***,REDACTED,Rajasthan Royals,Delhi Daredevils,Rajasthan Royals,field,Rajasthan Royals,wickets,3,157,20,N,NA,SJ Davis,RE Koertzen
336016,2007/08 ***,Chandigarh ***,2008-05-12,League,SE ***,REDACTED, Mohali",Kings XI Punjab,Royal Challengers Bangalore,Royal Challengers Bangalore,bat,Kings XI Punjab,wickets,9,144,20,N,NA,BR Doctrove,I Shivram
336017,2007/08 ***,Kolkata ***,2008-05-13,League,Shoaib ***,REDACTED,Kolkata Knight Riders,Delhi Daredevils,Kolkata Knight Riders,bat,Kolkata Knight Riders,runs,23,134,20,N,NA,Asad Rauf,IL Howell
336018,2007/08 ***,Mumbai ***,2008-05-14,League,ST ***,REDACTED,Mumbai Indians,Chennai Super Kings,Mumbai Indians,field,Mumbai Indians,wickets,9,157,20,N,NA,BR Doctrove,AM Saheba
336020,2007/08 ***,Delhi ***,2008-05-15,League,A ***,REDACTED,Delhi Daredevils,Deccan Chargers,Deccan Chargers,field,Delhi Daredevils,runs,12,195,20,N,NA,BG Jerling,GA Pratapkumar
336021,2007/08 ***,Mumbai ***,2008-05-16,League,SM ***,REDACTED,Mumbai Indians,Kolkata Knight Riders,Mumbai Indians,field,Mumbai Indians,wickets,8,68,20,N,NA,BR Doctrove,DJ Harper
336022,2007/08 ***,Delhi ***,2008-05-17,League,DPMD ***,REDACTED,Delhi Daredevils,Kings XI Punjab,Delhi Daredevils,bat,Kings XI Punjab,runs,6,89,8,N,D/L,AV Jayaprakash,RE Koertzen
336023,2007/08 ***,Jaipur ***,2008-05-17,League,GC ***,REDACTED,Rajasthan Royals,Royal Challengers Bangalore,Royal Challengers Bangalore,field,Rajasthan Royals,runs,65,198,20,N,NA,BF Bowden,SL Shastri
336024,2007/08 ***,Hyderabad ***,2008-05-18,League,DJ ***,REDACTED, Uppal",Deccan Chargers,Mumbai Indians,Deccan Chargers,field,Mumbai Indians,runs,25,179,20,N,NA,BR Doctrove,DJ Harper
336025,2007/08 ***,Kolkata ***,2008-05-18,League,M ***,REDACTED,Kolkata Knight Riders,Chennai Super Kings,Kolkata Knight Riders,bat,Chennai Super Kings,runs,3,53,8,N,D/L,Asad Rauf,K Hariharan
336026,2007/08 ***,Bangalore ***,2008-05-19,League,SP ***,REDACTED,Royal Challengers Bangalore,Delhi Daredevils,Delhi Daredevils,field,Delhi Daredevils,wickets,5,155,20,N,NA,SJ Davis,GA Pratapkumar
336027,2007/08 ***,Kolkata ***,2008-05-20,League,YK ***,REDACTED,Kolkata Knight Riders,Rajasthan Royals,Rajasthan Royals,field,Rajasthan Royals,wickets,6,148,20,N,NA,BG Jerling,RE Koertzen
336028,2007/08 ***,Mumbai ***,2008-05-21,League,SE ***,REDACTED,Mumbai Indians,Kings XI Punjab,Mumbai Indians,field,Kings XI Punjab,runs,1,190,20,N,NA,BF Bowden,GA Pratapkumar
336029,2007/08 ***,Chennai ***,2008-05-21,League,A ***,REDACTED, Chepauk",Chennai Super Kings,Royal Challengers Bangalore,Royal Challengers Bangalore,bat,Royal Challengers Bangalore,runs,14,127,20,N,NA,DJ Harper,I Shivram
336031,2007/08 ***,Chandigarh ***,2008-05-23,League,SE ***,REDACTED, Mohali",Kings XI Punjab,Deccan Chargers,Kings XI Punjab,field,Kings XI Punjab,wickets,6,176,20,N,NA,Asad Rauf,SJ Davis
336032,2007/08 ***,Delhi ***,2008-05-24,League,KD ***,REDACTED,Delhi Daredevils,Mumbai Indians,Delhi Daredevils,field,Delhi Daredevils,wickets,5,177,20,N,NA,BF Bowden,K Hariharan
336033,2007/08 ***,Chennai ***,2008-05-24,League,JA ***,REDACTED, Chepauk",Chennai Super Kings,Rajasthan Royals,Rajasthan Royals,bat,Rajasthan Royals,runs,10,212,20,N,NA,DJ Harper,SL Shastri
336002,2007/08 ***,Hyderabad ***,2008-05-25,League,R ***,REDACTED, Uppal",Deccan Chargers,Royal Challengers Bangalore,Deccan Chargers,bat,Royal Challengers Bangalore,wickets,5,166,20,N,NA,Asad Rauf,RE Koertzen
336035,2007/08 ***,Kolkata ***,2008-05-25,League,Umar ***,REDACTED,Kolkata Knight Riders,Kings XI Punjab,Kings XI Punjab,bat,Kolkata Knight Riders,wickets,3,175,20,N,NA,SJ Davis,I Shivram
336036,2007/08 ***,Jaipur ***,2008-05-26,League,Sohail ***,REDACTED,Rajasthan Royals,Mumbai Indians,Rajasthan Royals,field,Rajasthan Royals,wickets,5,146,20,N,NA,BF Bowden,K Hariharan
336037,2007/08 ***,Hyderabad ***,2008-05-27,League,SK ***,REDACTED, Uppal",Deccan Chargers,Chennai Super Kings,Deccan Chargers,bat,Chennai Super Kings,wickets,7,148,20,N,NA,BG Jerling,AM Saheba
336012,2007/08 ***,Bangalore ***,2008-05-28,League,CRD ***,REDACTED,Royal Challengers Bangalore,Mumbai Indians,Mumbai Indians,field,Mumbai Indians,wickets,9,123,18,N,NA,BF Bowden,AV Jayaprakash
336019,2007/08 ***,Chandigarh ***,2008-05-28,League,SE ***,REDACTED, Mohali",Kings XI Punjab,Rajasthan Royals,Rajasthan Royals,field,Kings XI Punjab,runs,41,222,20,N,NA,SJ Davis,K Hariharan
336038,2007/08 ***,Mumbai ***,2008-05-30,Semi Final,SR ***,REDACTED,Delhi Daredevils,Rajasthan Royals,Delhi Daredevils,field,Rajasthan Royals,runs,105,193,20,N,NA,BF Bowden,RE Koertzen
336039,2007/08 ***,Mumbai ***,2008-05-31,Semi Final,M ***,REDACTED,Chennai Super Kings,Kings XI Punjab,Kings XI Punjab,bat,Chennai Super Kings,wickets,9,113,20,N,NA,Asad Rauf,DJ Harper
336040,2007/08 ***,Mumbai ***,2008-06-01,Final,YK ***,REDACTED,Chennai Super Kings,Rajasthan Royals,Rajasthan Royals,field,Rajasthan Royals,wickets,3,164,20,N,NA,BF Bowden,RE Koertzen
392181,2009 ***,Cape ***,2009-04-18,League,SR ***,REDACTED,Chennai Super Kings,Mumbai Indians,Chennai Super Kings,field,Mumbai Indians,runs,19,166,20,N,NA,BR Doctrove,K Hariharan
392182,2009 ***,Cape ***,2009-04-18,League,R ***,REDACTED,Royal Challengers Bangalore,Rajasthan Royals,Royal Challengers Bangalore,bat,Royal Challengers Bangalore,runs,75,134,20,N,NA,BR Doctrove,RB Tiffin
392183,2009 ***,Cape ***,2009-04-19,League,DL ***,REDACTED,Delhi Daredevils,Kings XI Punjab,Delhi Daredevils,field,Delhi Daredevils,wickets,10,54,6,N,D/L,MR Benson,SD Ranade
392184,2009 ***,Cape ***,2009-04-19,League,RP ***,REDACTED,Deccan Chargers,Kolkata Knight Riders,Kolkata Knight Riders,bat,Deccan Chargers,wickets,8,102,20,N,NA,MR Benson,BR Doctrove
392185,2009 ***,Port ***,2009-04-20,League,M ***,REDACTED,Royal Challengers Bangalore,Chennai Super Kings,Chennai Super Kings,bat,Chennai Super Kings,runs,92,180,20,N,NA,BG Jerling,SJA Taufel
392186,2009 ***,Durban ***,2009-04-21,League,CH ***,REDACTED,Kings XI Punjab,Kolkata Knight Riders,Kolkata Knight Riders,field,Kolkata Knight Riders,runs,11,69,9.2,N,D/L,DJ Harper,SD Ranade
392188,2009 ***,Cape ***,2009-04-22,League,AC ***,REDACTED,Royal Challengers Bangalore,Deccan Chargers,Deccan Chargers,bat,Deccan Chargers,runs,24,185,20,N,NA,M Erasmus,AM Saheba
392189,2009 ***,Durban ***,2009-04-23,League,AB ***,REDACTED,Chennai Super Kings,Delhi Daredevils,Delhi Daredevils,bat,Delhi Daredevils,runs,9,190,20,N,NA,BR Doctrove,SJA Taufel
392190,2009 ***,Cape ***,2009-04-23,League,YK ***,REDACTED,Kolkata Knight Riders,Rajasthan Royals,Kolkata Knight Riders,field,Rajasthan Royals,tie,NA,151,20,Y,NA,MR Benson,M Erasmus
392191,2009 ***,Durban ***,2009-04-24,League,RS ***,REDACTED,Royal Challengers Bangalore,Kings XI Punjab,Royal Challengers Bangalore,bat,Kings XI Punjab,wickets,7,169,20,N,NA,BR Doctrove,TH Wijewardene
392192,2009 ***,Durban ***,2009-04-25,League,PP ***,REDACTED,Deccan Chargers,Mumbai Indians,Deccan Chargers,bat,Deccan Chargers,runs,12,169,20,N,NA,HDPK Dharmasena,SJA Taufel
392194,2009 ***,Port ***,2009-04-26,League,TM ***,REDACTED,Royal Challengers Bangalore,Delhi Daredevils,Royal Challengers Bangalore,bat,Delhi Daredevils,wickets,6,150,20,N,NA,S Asnani,BG Jerling
392195,2009 ***,Cape ***,2009-04-26,League,KC ***,REDACTED,Kings XI Punjab,Rajasthan Royals,Kings XI Punjab,bat,Kings XI Punjab,runs,27,140,20,N,NA,M Erasmus,K Hariharan
392196,2009 ***,Durban ***,2009-04-27,League,HH ***,REDACTED,Chennai Super Kings,Deccan Chargers,Deccan Chargers,field,Deccan Chargers,wickets,6,166,20,N,NA,IL Howell,TH Wijewardene
392197,2009 ***,Port ***,2009-04-27,League,SR ***,REDACTED,Kolkata Knight Riders,Mumbai Indians,Mumbai Indians,bat,Mumbai Indians,runs,92,188,20,N,NA,BG Jerling,RB Tiffin
392198,2009 ***,Centurion ***,2009-04-28,League,YK ***,REDACTED,Delhi Daredevils,Rajasthan Royals,Delhi Daredevils,bat,Rajasthan Royals,wickets,5,144,20,N,NA,GAV Baxter,RE Koertzen
392199,2009 ***,Durban ***,2009-04-29,League,MV ***,REDACTED,Royal Challengers Bangalore,Kolkata Knight Riders,Kolkata Knight Riders,bat,Royal Challengers Bangalore,wickets,5,140,20,N,NA,MR Benson,TH Wijewardene
392200,2009 ***,Durban ***,2009-04-29,League,KC ***,REDACTED,Kings XI Punjab,Mumbai Indians,Kings XI Punjab,bat,Kings XI Punjab,runs,3,120,20,N,NA,MR Benson,SL Shastri
392201,2009 ***,Centurion ***,2009-04-30,League,DP ***,REDACTED,Deccan Chargers,Delhi Daredevils,Delhi Daredevils,field,Delhi Daredevils,wickets,6,149,20,N,NA,GAV Baxter,AM Saheba
392202,2009 ***,Centurion ***,2009-04-30,League,SK ***,REDACTED,Chennai Super Kings,Rajasthan Royals,Rajasthan Royals,field,Chennai Super Kings,runs,38,165,20,N,NA,GAV Baxter,RE Koertzen
392203,2009 ***,East ***,2009-05-01,League,JP ***,REDACTED,Kolkata Knight Riders,Mumbai Indians,Mumbai Indians,bat,Mumbai Indians,runs,9,149,20,N,NA,M Erasmus,SK Tarapore
392204,2009 ***,Durban ***,2009-05-01,League,Yuvraj ***,REDACTED,Royal Challengers Bangalore,Kings XI Punjab,Royal Challengers Bangalore,bat,Royal Challengers Bangalore,runs,8,146,20,N,NA,HDPK Dharmasena,S Ravi
392205,2009 ***,Port ***,2009-05-02,League,YK ***,REDACTED,Deccan Chargers,Rajasthan Royals,Deccan Chargers,bat,Rajasthan Royals,wickets,3,142,20,N,NA,S Asnani,BG Jerling
392206,2009 ***,Johannesburg ***,2009-05-02,League,SB ***,REDACTED,Chennai Super Kings,Delhi Daredevils,Delhi Daredevils,field,Chennai Super Kings,runs,18,164,20,N,NA,DJ Harper,RE Koertzen
392207,2009 ***,Port ***,2009-05-03,League,DPMD ***,REDACTED,Kings XI Punjab,Kolkata Knight Riders,Kolkata Knight Riders,bat,Kings XI Punjab,wickets,6,154,20,N,NA,S Asnani,MR Benson
392208,2009 ***,Johannesburg ***,2009-05-03,League,JH ***,REDACTED,Royal Challengers Bangalore,Mumbai Indians,Mumbai Indians,bat,Royal Challengers Bangalore,wickets,9,150,20,N,NA,RE Koertzen,TH Wijewardene
392209,2009 ***,East ***,2009-05-04,League,MS ***,REDACTED,Chennai Super Kings,Deccan Chargers,Chennai Super Kings,bat,Chennai Super Kings,runs,78,179,20,N,NA,BR Doctrove,M Erasmus
392210,2009 ***,Durban ***,2009-05-05,League,GC ***,REDACTED,Kings XI Punjab,Rajasthan Royals,Kings XI Punjab,field,Rajasthan Royals,runs,78,212,20,N,NA,SS Hazare,IL Howell
392211,2009 ***,Durban ***,2009-05-05,League,G ***,REDACTED,Delhi Daredevils,Kolkata Knight Riders,Kolkata Knight Riders,bat,Delhi Daredevils,wickets,9,155,20,N,NA,GAV Baxter,IL Howell
392212,2009 ***,Centurion ***,2009-05-06,League,RG ***,REDACTED,Deccan Chargers,Mumbai Indians,Deccan Chargers,bat,Deccan Chargers,runs,19,146,20,N,NA,MR Benson,HDPK Dharmasena
392213,2009 ***,Centurion ***,2009-05-07,League,A ***,REDACTED,Royal Challengers Bangalore,Rajasthan Royals,Rajasthan Royals,field,Rajasthan Royals,wickets,7,106,20,N,NA,K Hariharan,DJ Harper
392214,2009 ***,Centurion ***,2009-05-07,League,ML ***,REDACTED,Chennai Super Kings,Kings XI Punjab,Chennai Super Kings,bat,Chennai Super Kings,runs,12,187,18,N,D/L,DJ Harper,TH Wijewardene
392215,2009 ***,East ***,2009-05-08,League,A ***,REDACTED,Delhi Daredevils,Mumbai Indians,Mumbai Indians,bat,Delhi Daredevils,wickets,7,117,20,N,NA,M Erasmus,SK Tarapore
392216,2009 ***,Kimberley ***,2009-05-09,League,DPMD ***,REDACTED,Deccan Chargers,Kings XI Punjab,Kings XI Punjab,field,Kings XI Punjab,wickets,3,169,20,N,NA,GAV Baxter,AM Saheba
392217,2009 ***,Kimberley ***,2009-05-09,League,S ***,REDACTED,Chennai Super Kings,Rajasthan Royals,Rajasthan Royals,bat,Chennai Super Kings,wickets,7,141,20,N,NA,GAV Baxter,HDPK Dharmasena
392218,2009 ***,Port ***,2009-05-10,League,JP ***,REDACTED,Royal Challengers Bangalore,Mumbai Indians,Mumbai Indians,bat,Mumbai Indians,runs,16,158,20,N,NA,BR Doctrove,BG Jerling
392219,2009 ***,Johannesburg ***,2009-05-10,League,A ***,REDACTED,Delhi Daredevils,Kolkata Knight Riders,Delhi Daredevils,field,Delhi Daredevils,wickets,7,124,20,N,NA,SL Shastri,RB Tiffin
392220,2009 ***,Kimberley ***,2009-05-11,League,DR ***,REDACTED,Deccan Chargers,Rajasthan Royals,Deccan Chargers,bat,Deccan Chargers,runs,53,167,20,N,NA,GAV Baxter,HDPK Dharmasena
392221,2009 ***,Centurion ***,2009-05-12,League,LRPL ***,REDACTED,Royal Challengers Bangalore,Kolkata Knight Riders,Royal Challengers Bangalore,field,Royal Challengers Bangalore,wickets,6,174,20,N,NA,M Erasmus,SS Hazare
392222,2009 ***,Centurion ***,2009-05-12,League,Harbhajan ***,REDACTED,Kings XI Punjab,Mumbai Indians,Kings XI Punjab,bat,Mumbai Indians,wickets,8,120,20,N,NA,SS Hazare,RE Koertzen
392223,2009 ***,Durban ***,2009-05-13,League,R ***,REDACTED,Deccan Chargers,Delhi Daredevils,Deccan Chargers,field,Delhi Daredevils,runs,12,174,20,N,NA,DJ Harper,SL Shastri
392224,2009 ***,Durban ***,2009-05-14,League,LRPL ***,REDACTED,Royal Challengers Bangalore,Chennai Super Kings,Chennai Super Kings,bat,Royal Challengers Bangalore,wickets,2,130,20,N,NA,BR Doctrove,DJ Harper
392225,2009 ***,Durban ***,2009-05-14,League,SK ***,REDACTED,Mumbai Indians,Rajasthan Royals,Rajasthan Royals,bat,Rajasthan Royals,runs,2,146,20,N,NA,BR Doctrove,DJ Harper
392226,2009 ***,Bloemfontein ***,2009-05-15,League,B ***,REDACTED,Delhi Daredevils,Kings XI Punjab,Kings XI Punjab,field,Kings XI Punjab,wickets,6,121,20,N,NA,HDPK Dharmasena,IL Howell
392227,2009 ***,Port ***,2009-05-16,League,ML ***,REDACTED,Chennai Super Kings,Mumbai Indians,Mumbai Indians,bat,Chennai Super Kings,wickets,7,148,20,N,NA,SK Tarapore,SJA Taufel
392228,2009 ***,Johannesburg ***,2009-05-16,League,RG ***,REDACTED,Deccan Chargers,Kolkata Knight Riders,Deccan Chargers,field,Deccan Chargers,wickets,6,161,20,N,NA,RE Koertzen,S Ravi
392229,2009 ***,Johannesburg ***,2009-05-17,League,Yuvraj ***,REDACTED,Deccan Chargers,Kings XI Punjab,Deccan Chargers,field,Kings XI Punjab,runs,1,135,20,N,NA,S Ravi,RB Tiffin
392230,2009 ***,Bloemfontein ***,2009-05-17,League,AB ***,REDACTED,Delhi Daredevils,Rajasthan Royals,Delhi Daredevils,bat,Delhi Daredevils,runs,14,151,20,N,NA,SS Hazare,IL Howell
392231,2009 ***,Centurion ***,2009-05-18,League,BJ ***,REDACTED,Chennai Super Kings,Kolkata Knight Riders,Chennai Super Kings,bat,Kolkata Knight Riders,wickets,7,189,20,N,NA,SJA Taufel,RB Tiffin
392232,2009 ***,Johannesburg ***,2009-05-19,League,JH ***,REDACTED,Royal Challengers Bangalore,Delhi Daredevils,Delhi Daredevils,bat,Royal Challengers Bangalore,wickets,7,135,20,N,NA,IL Howell,RB Tiffin
392233,2009 ***,Durban ***,2009-05-20,League,LR ***,REDACTED,Kolkata Knight Riders,Rajasthan Royals,Kolkata Knight Riders,field,Kolkata Knight Riders,wickets,4,102,20,N,NA,BG Jerling,SJA Taufel
392234,2009 ***,Durban ***,2009-05-20,League,M ***,REDACTED,Chennai Super Kings,Kings XI Punjab,Chennai Super Kings,bat,Chennai Super Kings,runs,24,117,20,N,NA,BG Jerling,SJA Taufel
392235,2009 ***,Centurion ***,2009-05-21,League,V ***,REDACTED,Delhi Daredevils,Mumbai Indians,Delhi Daredevils,field,Delhi Daredevils,wickets,4,166,20,N,NA,IL Howell,S Ravi
392236,2009 ***,Centurion ***,2009-05-21,League,MK ***,REDACTED,Royal Challengers Bangalore,Deccan Chargers,Royal Challengers Bangalore,bat,Royal Challengers Bangalore,runs,12,171,20,N,NA,IL Howell,S Ravi
392237,2009 ***,Centurion ***,2009-05-22,Semi Final,AC ***,REDACTED,Delhi Daredevils,Deccan Chargers,Deccan Chargers,field,Deccan Chargers,wickets,6,154,20,N,NA,BR Doctrove,DJ Harper
392238,2009 ***,Johannesburg ***,2009-05-23,Semi Final,MK ***,REDACTED,Royal Challengers Bangalore,Chennai Super Kings,Royal Challengers Bangalore,field,Royal Challengers Bangalore,wickets,6,147,20,N,NA,RE Koertzen,SJA Taufel
392239,2009 ***,Johannesburg ***,2009-05-24,Final,A ***,REDACTED,Royal Challengers Bangalore,Deccan Chargers,Royal Challengers Bangalore,field,Deccan Chargers,runs,6,144,20,N,NA,RE Koertzen,SJA Taufel
419106,2009/10 ***,Mumbai ***,2010-03-12,League,AD ***,REDACTED,Deccan Chargers,Kolkata Knight Riders,Deccan Chargers,field,Kolkata Knight Riders,runs,11,162,20,N,NA,RE Koertzen,RB Tiffin
419107,2009/10 ***,Mumbai ***,2010-03-13,League,YK ***,REDACTED,Mumbai Indians,Rajasthan Royals,Mumbai Indians,bat,Mumbai Indians,runs,4,213,20,N,NA,RE Koertzen,RB Tiffin
419108,2009/10 ***,Chandigarh ***,2010-03-13,League,G ***,REDACTED, Mohali",Kings XI Punjab,Delhi Daredevils,Delhi Daredevils,field,Delhi Daredevils,wickets,5,143,20,N,NA,BR Doctrove,S Ravi
419109,2009/10 ***,Kolkata ***,2010-03-14,League,MK ***,REDACTED,Kolkata Knight Riders,Royal Challengers Bangalore,Kolkata Knight Riders,field,Kolkata Knight Riders,wickets,7,136,20,N,NA,HDPK Dharmasena,AM Saheba
419110,2009/10 ***,Chennai ***,2010-03-14,League,WPUJC ***,REDACTED, Chepauk",Chennai Super Kings,Deccan Chargers,Deccan Chargers,bat,Deccan Chargers,runs,31,191,20,N,NA,K Hariharan,DJ Harper
419111,2009/10 ***,Ahmedabad ***,2010-03-15,League,V ***,REDACTED, Motera",Rajasthan Royals,Delhi Daredevils,Delhi Daredevils,field,Delhi Daredevils,wickets,6,142,20,N,NA,BG Jerling,RE Koertzen
419112,2009/10 ***,Bangalore ***,2010-03-16,League,JH ***,REDACTED,Royal Challengers Bangalore,Kings XI Punjab,Kings XI Punjab,bat,Royal Challengers Bangalore,wickets,8,204,20,N,NA,S Das,DJ Harper
419113,2009/10 ***,Kolkata ***,2010-03-16,League,MS ***,REDACTED,Kolkata Knight Riders,Chennai Super Kings,Chennai Super Kings,bat,Chennai Super Kings,runs,55,165,20,N,NA,HDPK Dharmasena,AM Saheba
419114,2009/10 ***,Delhi ***,2010-03-17,League,SR ***,REDACTED,Delhi Daredevils,Mumbai Indians,Delhi Daredevils,field,Mumbai Indians,runs,98,219,20,N,NA,BR Doctrove,SK Tarapore
419115,2009/10 ***,Bangalore ***,2010-03-18,League,JH ***,REDACTED,Royal Challengers Bangalore,Rajasthan Royals,Royal Challengers Bangalore,field,Royal Challengers Bangalore,wickets,10,93,20,N,NA,K Hariharan,DJ Harper
419116,2009/10 ***,Delhi ***,2010-03-19,League,ML ***,REDACTED,Delhi Daredevils,Chennai Super Kings,Delhi Daredevils,bat,Chennai Super Kings,wickets,5,186,20,N,NA,BR Doctrove,SK Tarapore
419117,2009/10 ***,Cuttack ***,2010-03-19,League,A ***,REDACTED,Deccan Chargers,Kings XI Punjab,Kings XI Punjab,field,Deccan Chargers,runs,6,171,20,N,NA,BF Bowden,M Erasmus
419118,2009/10 ***,Ahmedabad ***,2010-03-20,League,AA ***,REDACTED, Motera",Rajasthan Royals,Kolkata Knight Riders,Rajasthan Royals,bat,Rajasthan Royals,runs,34,169,20,N,NA,RE Koertzen,RB Tiffin
419119,2009/10 ***,Mumbai ***,2010-03-20,League,JH ***,REDACTED,Mumbai Indians,Royal Challengers Bangalore,Mumbai Indians,bat,Royal Challengers Bangalore,wickets,7,152,20,N,NA,HDPK Dharmasena,SS Hazare
419120,2009/10 ***,Cuttack ***,2010-03-21,League,A ***,REDACTED,Deccan Chargers,Delhi Daredevils,Deccan Chargers,bat,Deccan Chargers,runs,10,172,20,N,NA,BF Bowden,M Erasmus
419121,2009/10 ***,Chennai ***,2010-03-21,League,J ***,REDACTED, Chepauk",Chennai Super Kings,Kings XI Punjab,Chennai Super Kings,field,Kings XI Punjab,tie,NA,137,20,Y,NA,K Hariharan,DJ Harper
419122,2009/10 ***,Mumbai ***,2010-03-22,League,SR ***,REDACTED,Mumbai Indians,Kolkata Knight Riders,Kolkata Knight Riders,bat,Mumbai Indians,wickets,7,156,20,N,NA,SS Hazare,SJA Taufel
419123,2009/10 ***,Bangalore ***,2010-03-23,League,RV ***,REDACTED,Royal Challengers Bangalore,Chennai Super Kings,Chennai Super Kings,field,Royal Challengers Bangalore,runs,36,172,20,N,NA,RE Koertzen,RB Tiffin
419124,2009/10 ***,Chandigarh ***,2010-03-24,League,AC ***,REDACTED, Mohali",Kings XI Punjab,Rajasthan Royals,Kings XI Punjab,field,Rajasthan Royals,runs,31,184,20,N,NA,BR Doctrove,SK Tarapore
419125,2009/10 ***,Mumbai ***,2010-03-25,League,SR ***,REDACTED, Mumbai",Chennai Super Kings,Mumbai Indians,Mumbai Indians,field,Mumbai Indians,wickets,5,181,20,N,NA,AM Saheba,BF Bowden
419128,2009/10 ***,Bangalore ***,2010-03-25,League,KM ***,REDACTED,Royal Challengers Bangalore,Delhi Daredevils,Royal Challengers Bangalore,field,Delhi Daredevils,runs,17,184,20,N,NA,BG Jerling,RE Koertzen
419126,2009/10 ***,Ahmedabad ***,2010-03-26,League,YK ***,REDACTED, Motera",Rajasthan Royals,Deccan Chargers,Deccan Chargers,bat,Rajasthan Royals,wickets,8,149,20,N,NA,HDPK Dharmasena,SJA Taufel
419127,2009/10 ***,Chandigarh ***,2010-03-27,League,MK ***,REDACTED, Mohali",Kings XI Punjab,Kolkata Knight Riders,Kolkata Knight Riders,bat,Kolkata Knight Riders,runs,39,184,20,N,NA,BR Doctrove,S Ravi
419129,2009/10 ***,Ahmedabad ***,2010-03-28,League,NV ***,REDACTED, Motera",Rajasthan Royals,Chennai Super Kings,Rajasthan Royals,bat,Rajasthan Royals,runs,17,178,20,N,NA,SS Hazare,SJA Taufel
419130,2009/10 ***,Mumbai ***,2010-03-28,League,Harbhajan ***,REDACTED,Deccan Chargers,Mumbai Indians,Deccan Chargers,field,Mumbai Indians,runs,41,173,20,N,NA,S Das,K Hariharan
419131,2009/10 ***,Delhi ***,2010-03-29,League,DA ***,REDACTED,Delhi Daredevils,Kolkata Knight Riders,Delhi Daredevils,bat,Delhi Daredevils,runs,40,178,20,N,NA,SS Hazare,SJA Taufel
419132,2009/10 ***,Mumbai ***,2010-03-30,League,SL ***,REDACTED,Mumbai Indians,Kings XI Punjab,Mumbai Indians,field,Mumbai Indians,wickets,4,164,20,N,NA,BR Doctrove,SK Tarapore
419133,2009/10 ***,Chennai ***,2010-03-31,League,M ***,REDACTED, Chepauk",Chennai Super Kings,Royal Challengers Bangalore,Royal Challengers Bangalore,bat,Chennai Super Kings,wickets,5,162,20,N,NA,BG Jerling,RE Koertzen
419134,2009/10 ***,Delhi ***,2010-03-31,League,KD ***,REDACTED,Delhi Daredevils,Rajasthan Royals,Delhi Daredevils,bat,Delhi Daredevils,runs,67,189,20,N,NA,HDPK Dharmasena,SJA Taufel
419135,2009/10 ***,Kolkata ***,2010-04-01,League,SC ***,REDACTED,Kolkata Knight Riders,Deccan Chargers,Kolkata Knight Riders,bat,Kolkata Knight Riders,runs,24,182,20,N,NA,K Hariharan,DJ Harper
419136,2009/10 ***,Chandigarh ***,2010-04-02,League,KP ***,REDACTED, Mohali",Kings XI Punjab,Royal Challengers Bangalore,Kings XI Punjab,bat,Royal Challengers Bangalore,wickets,6,182,20,N,NA,BF Bowden,M Erasmus
419137,2009/10 ***,Chennai ***,2010-04-03,League,M ***,REDACTED, Chepauk",Chennai Super Kings,Rajasthan Royals,Chennai Super Kings,bat,Chennai Super Kings,runs,23,247,20,N,NA,RE Koertzen,RB Tiffin
419138,2009/10 ***,Mumbai ***,2010-04-03,League,AT ***,REDACTED,Mumbai Indians,Deccan Chargers,Mumbai Indians,bat,Mumbai Indians,runs,63,179,20,N,NA,BR Doctrove,S Ravi
419139,2009/10 ***,Kolkata ***,2010-04-04,League,DPMD ***,REDACTED,Kolkata Knight Riders,Kings XI Punjab,Kolkata Knight Riders,bat,Kings XI Punjab,wickets,8,201,20,N,NA,S Asnani,DJ Harper
419140,2009/10 ***,Delhi ***,2010-04-04,League,PD ***,REDACTED,Delhi Daredevils,Royal Challengers Bangalore,Delhi Daredevils,bat,Delhi Daredevils,runs,37,185,20,N,NA,BF Bowden,M Erasmus
419141,2009/10 ***,Nagpur ***,2010-04-05,League,SK ***,REDACTED, Jamtha",Deccan Chargers,Rajasthan Royals,Rajasthan Royals,bat,Rajasthan Royals,runs,2,160,20,N,NA,HDPK Dharmasena,SJA Taufel
419142,2009/10 ***,Chennai ***,2010-04-06,League,SK ***,REDACTED, Chepauk",Chennai Super Kings,Mumbai Indians,Chennai Super Kings,bat,Chennai Super Kings,runs,24,166,20,N,NA,S Asnani,DJ Harper
419143,2009/10 ***,Jaipur ***,2010-04-07,League,MJ ***,REDACTED,Rajasthan Royals,Kings XI Punjab,Kings XI Punjab,bat,Rajasthan Royals,wickets,9,154,20,N,NA,S Ravi,SK Tarapore
419144,2009/10 ***,Kolkata ***,2010-04-07,League,SC ***,REDACTED,Kolkata Knight Riders,Delhi Daredevils,Kolkata Knight Riders,bat,Kolkata Knight Riders,runs,14,182,20,N,NA,BG Jerling,RE Koertzen
419145,2009/10 ***,Bangalore ***,2010-04-08,League,TL ***,REDACTED,Royal Challengers Bangalore,Deccan Chargers,Deccan Chargers,field,Deccan Chargers,wickets,7,185,20,N,NA,S Asnani,DJ Harper
419146,2009/10 ***,Chandigarh ***,2010-04-09,League,KC ***,REDACTED, Mohali",Kings XI Punjab,Mumbai Indians,Mumbai Indians,bat,Kings XI Punjab,wickets,6,155,20,N,NA,M Erasmus,AM Saheba
419147,2009/10 ***,Nagpur ***,2010-04-10,League,RJ ***,REDACTED, Jamtha",Deccan Chargers,Chennai Super Kings,Chennai Super Kings,bat,Deccan Chargers,wickets,6,139,20,N,NA,HDPK Dharmasena,SJA Taufel
419148,2009/10 ***,Bangalore ***,2010-04-10,League,R ***,REDACTED,Royal Challengers Bangalore,Kolkata Knight Riders,Royal Challengers Bangalore,field,Royal Challengers Bangalore,wickets,7,161,20,N,NA,K Hariharan,DJ Harper
419149,2009/10 ***,Delhi ***,2010-04-11,League,PP ***,REDACTED,Delhi Daredevils,Kings XI Punjab,Delhi Daredevils,bat,Kings XI Punjab,wickets,7,112,20,N,NA,BF Bowden,AM Saheba
419150,2009/10 ***,Jaipur ***,2010-04-11,League,SR ***,REDACTED,Rajasthan Royals,Mumbai Indians,Rajasthan Royals,field,Mumbai Indians,runs,37,175,20,N,NA,BR Doctrove,SK Tarapore
419151,2009/10 ***,Nagpur ***,2010-04-12,League,Harmeet ***,REDACTED, Jamtha",Deccan Chargers,Royal Challengers Bangalore,Royal Challengers Bangalore,field,Deccan Chargers,runs,13,152,20,N,NA,RE Koertzen,RB Tiffin
419152,2009/10 ***,Mumbai ***,2010-04-13,League,KA ***,REDACTED,Mumbai Indians,Delhi Daredevils,Mumbai Indians,bat,Mumbai Indians,runs,39,184,20,N,NA,S Asnani,DJ Harper
419153,2009/10 ***,Chennai ***,2010-04-13,League,R ***,REDACTED, Chepauk",Chennai Super Kings,Kolkata Knight Riders,Kolkata Knight Riders,bat,Chennai Super Kings,wickets,9,140,20,N,NA,SS Hazare,SJA Taufel
419154,2009/10 ***,Jaipur ***,2010-04-14,League,KP ***,REDACTED,Rajasthan Royals,Royal Challengers Bangalore,Rajasthan Royals,bat,Royal Challengers Bangalore,wickets,5,131,20,N,NA,BR Doctrove,S Ravi
419155,2009/10 ***,Chennai ***,2010-04-15,League,G ***,REDACTED, Chepauk",Chennai Super Kings,Delhi Daredevils,Chennai Super Kings,bat,Delhi Daredevils,wickets,6,113,20,N,NA,HDPK Dharmasena,SS Hazare
419156,2009/10 ***,Dharamsala ***,2010-04-16,League,RG ***,REDACTED,Kings XI Punjab,Deccan Chargers,Deccan Chargers,field,Deccan Chargers,wickets,5,175,20,N,NA,M Erasmus,AM Saheba
419157,2009/10 ***,Bangalore ***,2010-04-17,League,R ***,REDACTED,Royal Challengers Bangalore,Mumbai Indians,Royal Challengers Bangalore,field,Mumbai Indians,runs,57,192,20,N,NA,HDPK Dharmasena,SJA Taufel
419158,2009/10 ***,Kolkata ***,2010-04-17,League,JD ***,REDACTED,Kolkata Knight Riders,Rajasthan Royals,Rajasthan Royals,bat,Kolkata Knight Riders,wickets,8,133,20,N,NA,BG Jerling,RB Tiffin
419159,2009/10 ***,Dharamsala ***,2010-04-18,League,MS ***,REDACTED,Kings XI Punjab,Chennai Super Kings,Chennai Super Kings,field,Chennai Super Kings,wickets,6,193,20,N,NA,BF Bowden,AM Saheba
419160,2009/10 ***,Delhi ***,2010-04-18,League,A ***,REDACTED,Delhi Daredevils,Deccan Chargers,Deccan Chargers,bat,Deccan Chargers,runs,11,146,20,N,NA,BR Doctrove,SK Tarapore
419161,2009/10 ***,Kolkata ***,2010-04-19,League,M ***,REDACTED,Kolkata Knight Riders,Mumbai Indians,Mumbai Indians,bat,Kolkata Knight Riders,wickets,9,134,20,N,NA,BG Jerling,RE Koertzen
419162,2009/10 ***,Mumbai ***,2010-04-21,Semi Final,KA ***,REDACTED,Royal Challengers Bangalore,Mumbai Indians,Mumbai Indians,bat,Mumbai Indians,runs,35,185,20,N,NA,BR Doctrove,RB Tiffin
419163,2009/10 ***,Mumbai ***,2010-04-22,Semi Final,DE ***,REDACTED,Chennai Super Kings,Deccan Chargers,Chennai Super Kings,bat,Chennai Super Kings,runs,38,143,20,N,NA,BR Doctrove,RB Tiffin
419164,2009/10 ***,Mumbai ***,2010-04-24,3rd Place Play-Off,A ***,REDACTED,Royal Challengers Bangalore,Deccan Chargers,Deccan Chargers,bat,Royal Challengers Bangalore,wickets,9,83,20,N,NA,RE Koertzen,SJA Taufel
419165,2009/10 ***,Mumbai ***,2010-04-25,Final,SK ***,REDACTED,Chennai Super Kings,Mumbai Indians,Chennai Super Kings,bat,Chennai Super Kings,runs,22,169,20,N,NA,RE Koertzen,SJA Taufel
501198,2011 ***,Chennai ***,2011-04-08,League,S ***,REDACTED, Chepauk",Chennai Super Kings,Kolkata Knight Riders,Chennai Super Kings,bat,Chennai Super Kings,runs,2,154,20,N,NA,BR Doctrove,PR Reiffel
501199,2011 ***,Hyderabad ***,2011-04-09,League,SK ***,REDACTED, Uppal",Deccan Chargers,Rajasthan Royals,Rajasthan Royals,field,Rajasthan Royals,wickets,8,138,20,N,NA,RE Koertzen,SK Tarapore
501200,2011 ***,Kochi ***,2011-04-09,League,AB ***,REDACTED,Kochi Tuskers Kerala,Royal Challengers Bangalore,Kochi Tuskers Kerala,bat,Royal Challengers Bangalore,wickets,6,162,20,N,NA,HDPK Dharmasena,K Hariharan
501201,2011 ***,Delhi ***,2011-04-10,League,SL ***,REDACTED,Delhi Daredevils,Mumbai Indians,Delhi Daredevils,bat,Mumbai Indians,wickets,8,96,20,N,NA,AM Saheba,RB Tiffin
501202,2011 ***,Mumbai ***,2011-04-10,League,SB ***,REDACTED,Pune Warriors,Kings XI Punjab,Kings XI Punjab,bat,Pune Warriors,wickets,7,113,20,N,NA,BR Doctrove,PR Reiffel
501203,2011 ***,Kolkata ***,2011-04-11,League,JH ***,REDACTED,Kolkata Knight Riders,Deccan Chargers,Kolkata Knight Riders,bat,Kolkata Knight Riders,runs,9,164,20,N,NA,RE Koertzen,SK Tarapore
501204,2011 ***,Jaipur ***,2011-04-12,League,SK ***,REDACTED,Rajasthan Royals,Delhi Daredevils,Delhi Daredevils,bat,Rajasthan Royals,wickets,6,152,20,N,NA,Aleem Dar,RB Tiffin
501205,2011 ***,Bangalore ***,2011-04-12,League,SR ***,REDACTED,Royal Challengers Bangalore,Mumbai Indians,Mumbai Indians,field,Mumbai Indians,wickets,9,141,20,N,NA,HDPK Dharmasena,AL Hill
501206,2011 ***,Chandigarh ***,2011-04-13,League,PC ***,REDACTED, Mohali",Kings XI Punjab,Chennai Super Kings,Kings XI Punjab,field,Kings XI Punjab,wickets,6,189,20,N,NA,Asad Rauf,SL Shastri
501207,2011 ***,Mumbai ***,2011-04-13,League,MD ***,REDACTED,Pune Warriors,Kochi Tuskers Kerala,Kochi Tuskers Kerala,bat,Pune Warriors,wickets,4,149,20,N,NA,S Asnani,PR Reiffel
501208,2011 ***,Hyderabad ***,2011-04-14,League,DW ***,REDACTED, Uppal",Deccan Chargers,Royal Challengers Bangalore,Royal Challengers Bangalore,field,Deccan Chargers,runs,33,176,20,N,NA,RE Koertzen,S Ravi
501209,2011 ***,Jaipur ***,2011-04-15,League,G ***,REDACTED,Rajasthan Royals,Kolkata Knight Riders,Kolkata Knight Riders,field,Kolkata Knight Riders,wickets,9,160,20,N,NA,Aleem Dar,SS Hazare
501210,2011 ***,Mumbai ***,2011-04-15,League,BB ***,REDACTED,Mumbai Indians,Kochi Tuskers Kerala,Kochi Tuskers Kerala,field,Kochi Tuskers Kerala,wickets,8,183,20,N,NA,BR Doctrove,PR Reiffel
501211,2011 ***,Chennai ***,2011-04-16,League,MEK ***,REDACTED, Chepauk",Chennai Super Kings,Royal Challengers Bangalore,Chennai Super Kings,bat,Chennai Super Kings,runs,21,184,20,N,NA,HDPK Dharmasena,AL Hill
501212,2011 ***,Hyderabad ***,2011-04-16,League,PC ***,REDACTED, Uppal",Deccan Chargers,Kings XI Punjab,Kings XI Punjab,field,Kings XI Punjab,wickets,8,166,20,N,NA,RE Koertzen,S Ravi
501213,2011 ***,Mumbai ***,2011-04-17,League,Yuvraj ***,REDACTED,Pune Warriors,Delhi Daredevils,Delhi Daredevils,field,Delhi Daredevils,wickets,3,188,20,N,NA,Asad Rauf,AM Saheba
501214,2011 ***,Kolkata ***,2011-04-17,League,L ***,REDACTED,Kolkata Knight Riders,Rajasthan Royals,Kolkata Knight Riders,field,Kolkata Knight Riders,wickets,8,82,20,N,NA,Aleem Dar,RB Tiffin
501215,2011 ***,Kochi ***,2011-04-18,League,BB ***,REDACTED,Kochi Tuskers Kerala,Chennai Super Kings,Kochi Tuskers Kerala,field,Kochi Tuskers Kerala,wickets,7,135,17,N,D/L,K Hariharan,AL Hill
501216,2011 ***,Delhi ***,2011-04-19,League,S ***,REDACTED,Delhi Daredevils,Deccan Chargers,Deccan Chargers,bat,Deccan Chargers,runs,16,169,20,N,NA,PR Reiffel,RJ Tucker
501218,2011 ***,Mumbai ***,2011-04-20,League,MM ***,REDACTED,Mumbai Indians,Pune Warriors,Pune Warriors,bat,Mumbai Indians,wickets,7,119,20,N,NA,Asad Rauf,AM Saheba
501219,2011 ***,Kolkata ***,2011-04-20,League,DPMD ***,REDACTED,Kolkata Knight Riders,Kochi Tuskers Kerala,Kolkata Knight Riders,field,Kochi Tuskers Kerala,runs,6,133,20,N,NA,Aleem Dar,RB Tiffin
501220,2011 ***,Chandigarh ***,2011-04-21,League,SE ***,REDACTED, Mohali",Kings XI Punjab,Rajasthan Royals,Rajasthan Royals,field,Kings XI Punjab,runs,48,196,20,N,NA,S Asnani,PR Reiffel
501221,2011 ***,Mumbai ***,2011-04-22,League,Harbhajan ***,REDACTED,Mumbai Indians,Chennai Super Kings,Chennai Super Kings,field,Mumbai Indians,runs,8,165,20,N,NA,Asad Rauf,AM Saheba
501222,2011 ***,Kolkata ***,2011-04-22,League,CH ***,REDACTED,Kolkata Knight Riders,Royal Challengers Bangalore,Royal Challengers Bangalore,field,Royal Challengers Bangalore,wickets,9,172,20,N,NA,SS Hazare,RB Tiffin
501223,2011 ***,Delhi ***,2011-04-23,League,DA ***,REDACTED,Delhi Daredevils,Kings XI Punjab,Kings XI Punjab,field,Delhi Daredevils,runs,29,232,20,N,NA,S Asnani,RE Koertzen
501224,2011 ***,Hyderabad ***,2011-04-24,League,SL ***,REDACTED, Uppal",Deccan Chargers,Mumbai Indians,Deccan Chargers,field,Mumbai Indians,runs,37,173,20,N,NA,HDPK Dharmasena,AL Hill
501225,2011 ***,Jaipur ***,2011-04-24,League,SK ***,REDACTED,Rajasthan Royals,Kochi Tuskers Kerala,Rajasthan Royals,field,Rajasthan Royals,wickets,8,110,20,N,NA,BR Doctrove,SK Tarapore
501226,2011 ***,Chennai ***,2011-04-25,League,MEK ***,REDACTED, Chepauk",Chennai Super Kings,Pune Warriors,Pune Warriors,field,Chennai Super Kings,runs,25,143,20,N,NA,Aleem Dar,RB Tiffin
501227,2011 ***,Delhi ***,2011-04-26,League,V ***,REDACTED,Delhi Daredevils,Royal Challengers Bangalore,Royal Challengers Bangalore,field,Royal Challengers Bangalore,wickets,3,161,20,N,NA,S Asnani,RJ Tucker
501228,2011 ***,Mumbai ***,2011-04-27,League,DE ***,REDACTED,Pune Warriors,Chennai Super Kings,Pune Warriors,bat,Chennai Super Kings,wickets,8,142,20,N,NA,Asad Rauf,SL Shastri
501229,2011 ***,Kochi ***,2011-04-27,League,I ***,REDACTED,Kochi Tuskers Kerala,Deccan Chargers,Kochi Tuskers Kerala,field,Deccan Chargers,runs,55,130,20,N,NA,HDPK Dharmasena,AL Hill
501230,2011 ***,Delhi ***,2011-04-28,League,MK ***,REDACTED,Delhi Daredevils,Kolkata Knight Riders,Delhi Daredevils,field,Kolkata Knight Riders,runs,17,149,20,N,NA,PR Reiffel,RJ Tucker
501231,2011 ***,Jaipur ***,2011-04-29,League,J ***,REDACTED,Rajasthan Royals,Mumbai Indians,Rajasthan Royals,field,Rajasthan Royals,wickets,7,95,20,N,NA,Asad Rauf,SK Tarapore
501232,2011 ***,Bangalore ***,2011-04-29,League,V ***,REDACTED,Royal Challengers Bangalore,Pune Warriors,Pune Warriors,field,Royal Challengers Bangalore,runs,26,182,20,N,NA,Aleem Dar,SS Hazare
501233,2011 ***,Kochi ***,2011-04-30,League,V ***,REDACTED,Kochi Tuskers Kerala,Delhi Daredevils,Delhi Daredevils,bat,Delhi Daredevils,runs,38,158,20,N,NA,HDPK Dharmasena,AL Hill
501234,2011 ***,Kolkata ***,2011-04-30,League,Iqbal ***,REDACTED,Kolkata Knight Riders,Kings XI Punjab,Kolkata Knight Riders,field,Kolkata Knight Riders,wickets,8,120,20,N,NA,AM Saheba,SL Shastri
501235,2011 ***,Jaipur ***,2011-05-01,League,LRPL ***,REDACTED,Rajasthan Royals,Pune Warriors,Rajasthan Royals,field,Rajasthan Royals,wickets,6,144,20,N,NA,SK Tarapore,SJA Taufel
501236,2011 ***,Chennai ***,2011-05-01,League,JA ***,REDACTED, Chepauk",Chennai Super Kings,Deccan Chargers,Chennai Super Kings,bat,Chennai Super Kings,runs,19,166,20,N,NA,Aleem Dar,RB Tiffin
501237,2011 ***,Mumbai ***,2011-05-02,League,KA ***,REDACTED,Mumbai Indians,Kings XI Punjab,Kings XI Punjab,field,Mumbai Indians,runs,23,160,20,N,NA,HDPK Dharmasena,PR Reiffel
501238,2011 ***,Delhi ***,2011-05-02,League,P ***,REDACTED,Delhi Daredevils,Kochi Tuskers Kerala,Kochi Tuskers Kerala,field,Kochi Tuskers Kerala,wickets,7,141,20,N,NA,Asad Rauf,SL Shastri
501239,2011 ***,Hyderabad ***,2011-05-03,League,YK ***,REDACTED, Uppal",Deccan Chargers,Kolkata Knight Riders,Deccan Chargers,field,Kolkata Knight Riders,runs,20,170,20,N,NA,S Asnani,RJ Tucker
501240,2011 ***,Chennai ***,2011-05-04,League,MEK ***,REDACTED, Chepauk",Chennai Super Kings,Rajasthan Royals,Rajasthan Royals,bat,Chennai Super Kings,wickets,8,148,20,N,NA,SS Hazare,RB Tiffin
501241,2011 ***,Mumbai ***,2011-05-04,League,R ***,REDACTED,Pune Warriors,Mumbai Indians,Pune Warriors,field,Mumbai Indians,runs,21,161,20,N,NA,HDPK Dharmasena,SJA Taufel
501242,2011 ***,Kochi ***,2011-05-05,League,BJ ***,REDACTED,Kochi Tuskers Kerala,Kolkata Knight Riders,Kolkata Knight Riders,field,Kochi Tuskers Kerala,runs,17,157,20,N,NA,S Ravi,RJ Tucker
501243,2011 ***,Hyderabad ***,2011-05-05,League,V ***,REDACTED, Uppal",Deccan Chargers,Delhi Daredevils,Delhi Daredevils,field,Delhi Daredevils,wickets,4,176,20,N,NA,Asad Rauf,AM Saheba
501244,2011 ***,Bangalore ***,2011-05-06,League,CH ***,REDACTED,Royal Challengers Bangalore,Kings XI Punjab,Kings XI Punjab,field,Royal Challengers Bangalore,runs,85,206,20,N,NA,Aleem Dar,RB Tiffin
501245,2011 ***,Kolkata ***,2011-05-07,League,Iqbal ***,REDACTED,Kolkata Knight Riders,Chennai Super Kings,Chennai Super Kings,bat,Kolkata Knight Riders,runs,10,52,10,N,D/L,Asad Rauf,PR Reiffel
501246,2011 ***,Mumbai ***,2011-05-07,League,AT ***,REDACTED,Mumbai Indians,Delhi Daredevils,Delhi Daredevils,field,Mumbai Indians,runs,32,179,20,N,NA,K Hariharan,SJA Taufel
501247,2011 ***,Bangalore ***,2011-05-08,League,CH ***,REDACTED,Royal Challengers Bangalore,Kochi Tuskers Kerala,Kochi Tuskers Kerala,bat,Royal Challengers Bangalore,wickets,9,126,20,N,NA,Aleem Dar,SS Hazare
501248,2011 ***,Chandigarh ***,2011-05-08,League,R ***,REDACTED, Mohali",Kings XI Punjab,Pune Warriors,Kings XI Punjab,bat,Pune Warriors,wickets,5,120,20,N,NA,SK Tarapore,RJ Tucker
501249,2011 ***,Jaipur ***,2011-05-09,League,M ***,REDACTED,Rajasthan Royals,Chennai Super Kings,Rajasthan Royals,field,Chennai Super Kings,runs,63,197,20,N,NA,K Hariharan,SJA Taufel
501250,2011 ***,Hyderabad ***,2011-05-10,League,MR ***,REDACTED, Uppal",Deccan Chargers,Pune Warriors,Deccan Chargers,bat,Pune Warriors,wickets,6,137,20,N,NA,Asad Rauf,AM Saheba
501251,2011 ***,Chandigarh ***,2011-05-10,League,BA ***,REDACTED, Mohali",Kings XI Punjab,Mumbai Indians,Mumbai Indians,field,Kings XI Punjab,runs,76,164,20,N,NA,SK Tarapore,RJ Tucker
501252,2011 ***,Jaipur ***,2011-05-11,League,S ***,REDACTED,Rajasthan Royals,Royal Challengers Bangalore,Royal Challengers Bangalore,field,Royal Challengers Bangalore,wickets,9,147,20,N,NA,HDPK Dharmasena,K Hariharan
501253,2011 ***,Chennai ***,2011-05-12,League,MS ***,REDACTED, Chepauk",Chennai Super Kings,Delhi Daredevils,Chennai Super Kings,bat,Chennai Super Kings,runs,18,177,20,N,NA,AM Saheba,SL Shastri
501254,2011 ***,Indore ***,2011-05-13,League,KD ***,REDACTED,Kochi Tuskers Kerala,Kings XI Punjab,Kings XI Punjab,field,Kings XI Punjab,wickets,6,179,20,N,NA,S Asnani,RJ Tucker
501255,2011 ***,Bangalore ***,2011-05-14,League,CH ***,REDACTED,Royal Challengers Bangalore,Kolkata Knight Riders,Royal Challengers Bangalore,field,Royal Challengers Bangalore,wickets,4,102,13,N,D/L,RE Koertzen,RB Tiffin
501256,2011 ***,Mumbai ***,2011-05-14,League,A ***,REDACTED,Mumbai Indians,Deccan Chargers,Deccan Chargers,bat,Deccan Chargers,runs,10,136,20,N,NA,S Ravi,SK Tarapore
501257,2011 ***,Dharamsala ***,2011-05-15,League,PP ***,REDACTED,Kings XI Punjab,Delhi Daredevils,Delhi Daredevils,field,Kings XI Punjab,runs,29,171,20,N,NA,Asad Rauf,SL Shastri
501258,2011 ***,Indore ***,2011-05-15,League,BJ ***,REDACTED,Kochi Tuskers Kerala,Rajasthan Royals,Kochi Tuskers Kerala,field,Kochi Tuskers Kerala,wickets,8,98,20,N,NA,PR Reiffel,RJ Tucker
501259,2011 ***,Mumbai ***,2011-05-16,League,A ***,REDACTED,Pune Warriors,Deccan Chargers,Deccan Chargers,field,Deccan Chargers,wickets,6,137,20,N,NA,S Ravi,SK Tarapore
501260,2011 ***,Dharamsala ***,2011-05-17,League,AC ***,REDACTED,Kings XI Punjab,Royal Challengers Bangalore,Kings XI Punjab,bat,Kings XI Punjab,runs,111,233,20,N,NA,Asad Rauf,AM Saheba
501261,2011 ***,Chennai ***,2011-05-18,League,WP ***,REDACTED, Chepauk",Chennai Super Kings,Kochi Tuskers Kerala,Chennai Super Kings,bat,Chennai Super Kings,runs,11,153,20,N,NA,HDPK Dharmasena,RE Koertzen
501262,2011 ***,Mumbai ***,2011-05-19,League,YK ***,REDACTED,Pune Warriors,Kolkata Knight Riders,Kolkata Knight Riders,field,Kolkata Knight Riders,wickets,7,119,20,N,NA,S Ravi,SJA Taufel
501263,2011 ***,Mumbai ***,2011-05-20,League,SR ***,REDACTED,Mumbai Indians,Rajasthan Royals,Mumbai Indians,bat,Rajasthan Royals,wickets,10,134,20,N,NA,RE Koertzen,PR Reiffel
501264,2011 ***,Dharamsala ***,2011-05-21,League,S ***,REDACTED,Kings XI Punjab,Deccan Chargers,Kings XI Punjab,field,Deccan Chargers,runs,82,199,20,N,NA,Asad Rauf,AM Saheba
501265,2011 ***,Delhi ***,2011-05-21,League,NA ***,REDACTED,Delhi Daredevils,Pune Warriors,Delhi Daredevils,bat,NA,no result,NA,NA,NA,N,NA,SS Hazare,RJ Tucker
501266,2011 ***,Bangalore ***,2011-05-22,League,CH ***,REDACTED,Royal Challengers Bangalore,Chennai Super Kings,Royal Challengers Bangalore,field,Royal Challengers Bangalore,wickets,8,129,20,N,NA,K Hariharan,RE Koertzen
501267,2011 ***,Kolkata ***,2011-05-22,League,JEC ***,REDACTED,Kolkata Knight Riders,Mumbai Indians,Mumbai Indians,field,Mumbai Indians,wickets,5,176,20,N,NA,SK Tarapore,SJA Taufel
501268,2011 ***,Mumbai ***,2011-05-24,Qualifier 1,SK ***,REDACTED,Royal Challengers Bangalore,Chennai Super Kings,Chennai Super Kings,field,Chennai Super Kings,wickets,6,176,20,N,NA,Asad Rauf,SJA Taufel
501269,2011 ***,Mumbai ***,2011-05-25,Elimination Final,MM ***,REDACTED,Mumbai Indians,Kolkata Knight Riders,Mumbai Indians,field,Mumbai Indians,wickets,4,148,20,N,NA,Asad Rauf,SJA Taufel
501270,2011 ***,Chennai ***,2011-05-27,Qualifier 2,CH ***,REDACTED, Chepauk",Royal Challengers Bangalore,Mumbai Indians,Mumbai Indians,field,Royal Challengers Bangalore,runs,43,186,20,N,NA,Asad Rauf,SJA Taufel
501271,2011 ***,Chennai ***,2011-05-28,Final,M ***,REDACTED, Chepauk",Chennai Super Kings,Royal Challengers Bangalore,Chennai Super Kings,bat,Chennai Super Kings,runs,58,206,20,N,NA,Asad Rauf,SJA Taufel
548306,2012 ***,Chennai ***,2012-04-04,League,RE ***,REDACTED, Chepauk",Chennai Super Kings,Mumbai Indians,Mumbai Indians,field,Mumbai Indians,wickets,8,113,20,N,NA,JD Cloete,SJA Taufel
548307,2012 ***,Kolkata ***,2012-04-05,League,IK ***,REDACTED,Kolkata Knight Riders,Delhi Daredevils,Delhi Daredevils,field,Delhi Daredevils,wickets,8,98,12,N,NA,S Asnani,HDPK Dharmasena
548308,2012 ***,Mumbai ***,2012-04-06,League,SPD ***,REDACTED,Mumbai Indians,Pune Warriors,Mumbai Indians,field,Pune Warriors,runs,28,130,20,N,NA,AK Chaudhary,SJA Taufel
548309,2012 ***,Jaipur ***,2012-04-06,League,AM ***,REDACTED,Rajasthan Royals,Kings XI Punjab,Kings XI Punjab,field,Rajasthan Royals,runs,31,192,20,N,NA,BF Bowden,SK Tarapore
548310,2012 ***,Bangalore ***,2012-04-07,League,AB ***,REDACTED,Royal Challengers Bangalore,Delhi Daredevils,Delhi Daredevils,field,Royal Challengers Bangalore,runs,20,158,20,N,NA,S Asnani,S Ravi
548311,2012 ***,Visakhapatnam ***,2012-04-07,League,RA ***,REDACTED,Deccan Chargers,Chennai Super Kings,Deccan Chargers,field,Chennai Super Kings,runs,74,194,20,N,NA,JD Cloete,HDPK Dharmasena
548312,2012 ***,Jaipur ***,2012-04-08,League,BJ ***,REDACTED,Rajasthan Royals,Kolkata Knight Riders,Kolkata Knight Riders,field,Rajasthan Royals,runs,22,165,20,N,NA,BF Bowden,VA Kulkarni
548313,2012 ***,Pune ***,2012-04-08,League,MN ***,REDACTED,Pune Warriors,Kings XI Punjab,Pune Warriors,bat,Pune Warriors,runs,22,167,20,N,NA,S Das,SJA Taufel
548314,2012 ***,Visakhapatnam ***,2012-04-09,League,RG ***,REDACTED,Deccan Chargers,Mumbai Indians,Deccan Chargers,bat,Mumbai Indians,wickets,5,139,20,N,NA,AK Chaudhary,JD Cloete
548315,2012 ***,Bangalore ***,2012-04-10,League,L ***,REDACTED,Royal Challengers Bangalore,Kolkata Knight Riders,Royal Challengers Bangalore,field,Kolkata Knight Riders,runs,42,166,20,N,NA,S Ravi,RJ Tucker
548316,2012 ***,Delhi ***,2012-04-10,League,M ***,REDACTED,Delhi Daredevils,Chennai Super Kings,Delhi Daredevils,field,Delhi Daredevils,wickets,8,111,20,N,NA,Asad Rauf,SK Tarapore
548317,2012 ***,Mumbai ***,2012-04-11,League,KA ***,REDACTED,Mumbai Indians,Rajasthan Royals,Rajasthan Royals,field,Mumbai Indians,runs,27,198,20,N,NA,Aleem Dar,BNJ Oxenford
548318,2012 ***,Chennai ***,2012-04-12,League,F ***,REDACTED, Chepauk",Chennai Super Kings,Royal Challengers Bangalore,Royal Challengers Bangalore,bat,Chennai Super Kings,wickets,5,206,20,N,NA,HDPK Dharmasena,RJ Tucker
548319,2012 ***,Chandigarh ***,2012-04-12,League,AD ***,REDACTED, Mohali",Kings XI Punjab,Pune Warriors,Kings XI Punjab,field,Kings XI Punjab,wickets,7,116,20,N,NA,VA Kulkarni,SK Tarapore
548320,2012 ***,Kolkata ***,2012-04-13,League,Shakib ***,REDACTED,Kolkata Knight Riders,Rajasthan Royals,Rajasthan Royals,bat,Kolkata Knight Riders,wickets,5,132,20,N,NA,Asad Rauf,S Asnani
548322,2012 ***,Pune ***,2012-04-14,League,JD ***,REDACTED,Pune Warriors,Chennai Super Kings,Chennai Super Kings,bat,Pune Warriors,wickets,7,156,20,N,NA,Aleem Dar,BNJ Oxenford
548323,2012 ***,Kolkata ***,2012-04-15,League,SP ***,REDACTED,Kolkata Knight Riders,Kings XI Punjab,Kolkata Knight Riders,field,Kings XI Punjab,runs,2,135,20,N,NA,Asad Rauf,S Asnani
548324,2012 ***,Bangalore ***,2012-04-15,League,AM ***,REDACTED,Royal Challengers Bangalore,Rajasthan Royals,Rajasthan Royals,bat,Rajasthan Royals,runs,59,196,20,N,NA,JD Cloete,RJ Tucker
548325,2012 ***,Mumbai ***,2012-04-16,League,S ***,REDACTED,Mumbai Indians,Delhi Daredevils,Delhi Daredevils,field,Delhi Daredevils,wickets,7,93,20,N,NA,BF Bowden,SK Tarapore
548326,2012 ***,Jaipur ***,2012-04-17,League,BJ ***,REDACTED,Rajasthan Royals,Deccan Chargers,Deccan Chargers,bat,Rajasthan Royals,wickets,5,197,20,N,NA,Aleem Dar,BNJ Oxenford
548327,2012 ***,Bangalore ***,2012-04-17,League,CH ***,REDACTED,Royal Challengers Bangalore,Pune Warriors,Pune Warriors,bat,Royal Challengers Bangalore,wickets,6,183,20,N,NA,S Asnani,S Das
548328,2012 ***,Chandigarh ***,2012-04-18,League,G ***,REDACTED, Mohali",Kings XI Punjab,Kolkata Knight Riders,Kings XI Punjab,bat,Kolkata Knight Riders,wickets,8,125,20,N,NA,JD Cloete,RJ Tucker
548321,2012 ***,Delhi ***,2012-04-19,League,KP ***,REDACTED,Delhi Daredevils,Deccan Chargers,Deccan Chargers,bat,Delhi Daredevils,wickets,5,158,20,N,NA,BF Bowden,SK Tarapore
548330,2012 ***,Chennai ***,2012-04-19,League,KMDN ***,REDACTED, Chepauk",Chennai Super Kings,Pune Warriors,Pune Warriors,field,Chennai Super Kings,runs,13,165,20,N,NA,Asad Rauf,S Das
548331,2012 ***,Chandigarh ***,2012-04-20,League,CH ***,REDACTED, Mohali",Kings XI Punjab,Royal Challengers Bangalore,Royal Challengers Bangalore,field,Royal Challengers Bangalore,wickets,5,164,20,N,NA,S Ravi,RJ Tucker
548332,2012 ***,Chennai ***,2012-04-21,League,F ***,REDACTED, Chepauk",Chennai Super Kings,Rajasthan Royals,Rajasthan Royals,bat,Chennai Super Kings,wickets,7,147,20,N,NA,Aleem Dar,BNJ Oxenford
548333,2012 ***,Delhi ***,2012-04-21,League,SC ***,REDACTED,Delhi Daredevils,Pune Warriors,Delhi Daredevils,field,Pune Warriors,runs,20,193,20,N,NA,Asad Rauf,S Das
548334,2012 ***,Mumbai ***,2012-04-22,League,SE ***,REDACTED,Mumbai Indians,Kings XI Punjab,Mumbai Indians,bat,Kings XI Punjab,wickets,6,164,20,N,NA,S Ravi,RJ Tucker
548335,2012 ***,Cuttack ***,2012-04-22,League,B ***,REDACTED,Deccan Chargers,Kolkata Knight Riders,Kolkata Knight Riders,field,Kolkata Knight Riders,wickets,5,127,20,N,NA,BF Bowden,SK Tarapore
548336,2012 ***,Jaipur ***,2012-04-23,League,AB ***,REDACTED,Rajasthan Royals,Royal Challengers Bangalore,Rajasthan Royals,field,Royal Challengers Bangalore,runs,46,190,20,N,NA,Asad Rauf,S Asnani
548337,2012 ***,Pune ***,2012-04-24,League,V ***,REDACTED,Pune Warriors,Delhi Daredevils,Pune Warriors,bat,Delhi Daredevils,wickets,8,147,20,N,NA,S Ravi,RJ Tucker
548339,2012 ***,Chandigarh ***,2012-04-25,League,AT ***,REDACTED, Mohali",Kings XI Punjab,Mumbai Indians,Kings XI Punjab,bat,Mumbai Indians,wickets,4,169,20,N,NA,Aleem Dar,BNJ Oxenford
548341,2012 ***,Pune ***,2012-04-26,League,CL ***,REDACTED,Pune Warriors,Deccan Chargers,Deccan Chargers,bat,Deccan Chargers,runs,18,178,20,N,NA,S Ravi,RJ Tucker
548342,2012 ***,Delhi ***,2012-04-27,League,V ***,REDACTED,Delhi Daredevils,Mumbai Indians,Mumbai Indians,field,Delhi Daredevils,runs,37,208,20,N,NA,Aleem Dar,BNJ Oxenford
548343,2012 ***,Chennai ***,2012-04-28,League,Mandeep ***,REDACTED, Chepauk",Chennai Super Kings,Kings XI Punjab,Kings XI Punjab,bat,Kings XI Punjab,runs,7,157,20,N,NA,BF Bowden,SK Tarapore
548344,2012 ***,Kolkata ***,2012-04-28,League,G ***,REDACTED,Kolkata Knight Riders,Royal Challengers Bangalore,Kolkata Knight Riders,bat,Kolkata Knight Riders,runs,47,191,20,N,NA,Asad Rauf,BR Doctrove
548345,2012 ***,Delhi ***,2012-04-29,League,V ***,REDACTED,Delhi Daredevils,Rajasthan Royals,Delhi Daredevils,bat,Delhi Daredevils,runs,1,153,20,N,NA,S Ravi,RJ Tucker
548346,2012 ***,Mumbai ***,2012-04-29,League,DW ***,REDACTED,Mumbai Indians,Deccan Chargers,Mumbai Indians,field,Mumbai Indians,wickets,5,101,20,N,NA,AK Chaudhary,BNJ Oxenford
548347,2012 ***,Chennai ***,2012-04-30,League,G ***,REDACTED, Chepauk",Chennai Super Kings,Kolkata Knight Riders,Chennai Super Kings,bat,Kolkata Knight Riders,wickets,5,140,20,N,NA,BF Bowden,C Shamshuddin
548348,2012 ***,Cuttack ***,2012-05-01,League,KC ***,REDACTED,Deccan Chargers,Pune Warriors,Deccan Chargers,bat,Deccan Chargers,runs,13,187,20,N,NA,Aleem Dar,AK Chaudhary
548349,2012 ***,Jaipur ***,2012-05-01,League,P ***,REDACTED,Rajasthan Royals,Delhi Daredevils,Rajasthan Royals,bat,Delhi Daredevils,wickets,6,142,20,N,NA,JD Cloete,SJA Taufel
548350,2012 ***,Bangalore ***,2012-05-02,League,Azhar ***,REDACTED,Royal Challengers Bangalore,Kings XI Punjab,Kings XI Punjab,field,Kings XI Punjab,wickets,4,159,20,N,NA,BF Bowden,C Shamshuddin
548351,2012 ***,Pune ***,2012-05-03,League,SL ***,REDACTED,Pune Warriors,Mumbai Indians,Mumbai Indians,bat,Mumbai Indians,runs,1,121,20,N,NA,Asad Rauf,S Asnani
548352,2012 ***,Chennai ***,2012-05-04,League,SK ***,REDACTED, Chepauk",Chennai Super Kings,Deccan Chargers,Chennai Super Kings,bat,Chennai Super Kings,runs,10,161,20,N,NA,HDPK Dharmasena,BNJ Oxenford
548353,2012 ***,Kolkata ***,2012-05-05,League,SP ***,REDACTED,Kolkata Knight Riders,Pune Warriors,Kolkata Knight Riders,bat,Kolkata Knight Riders,runs,7,151,20,N,NA,BF Bowden,SK Tarapore
548354,2012 ***,Chandigarh ***,2012-05-05,League,SR ***,REDACTED, Mohali",Kings XI Punjab,Rajasthan Royals,Rajasthan Royals,bat,Rajasthan Royals,runs,43,178,20,N,NA,JD Cloete,SJA Taufel
548355,2012 ***,Mumbai ***,2012-05-06,League,DR ***,REDACTED,Mumbai Indians,Chennai Super Kings,Mumbai Indians,field,Mumbai Indians,wickets,2,174,20,N,NA,Asad Rauf,S Asnani
548356,2012 ***,Bangalore ***,2012-05-06,League,AB ***,REDACTED,Royal Challengers Bangalore,Deccan Chargers,Royal Challengers Bangalore,field,Royal Challengers Bangalore,wickets,5,182,20,N,NA,HDPK Dharmasena,BNJ Oxenford
548357,2012 ***,Delhi ***,2012-05-07,League,JH ***,REDACTED,Delhi Daredevils,Kolkata Knight Riders,Delhi Daredevils,bat,Kolkata Knight Riders,wickets,6,154,20,N,NA,JD Cloete,S Ravi
548358,2012 ***,Pune ***,2012-05-08,League,SR ***,REDACTED,Pune Warriors,Rajasthan Royals,Pune Warriors,bat,Rajasthan Royals,wickets,7,126,20,N,NA,Asad Rauf,BR Doctrove
548359,2012 ***,Hyderabad ***,2012-05-08,League,Mandeep ***,REDACTED, Uppal",Deccan Chargers,Kings XI Punjab,Deccan Chargers,field,Kings XI Punjab,runs,25,171,20,N,NA,HDPK Dharmasena,BNJ Oxenford
548360,2012 ***,Mumbai ***,2012-05-09,League,CH ***,REDACTED,Mumbai Indians,Royal Challengers Bangalore,Royal Challengers Bangalore,field,Royal Challengers Bangalore,wickets,9,142,20,N,NA,BF Bowden,VA Kulkarni
548329,2012 ***,Hyderabad ***,2012-05-10,League,DA ***,REDACTED, Uppal",Deccan Chargers,Delhi Daredevils,Deccan Chargers,bat,Delhi Daredevils,wickets,9,188,20,N,NA,JD Cloete,SJA Taufel
548361,2012 ***,Jaipur ***,2012-05-10,League,BW ***,REDACTED,Rajasthan Royals,Chennai Super Kings,Chennai Super Kings,field,Chennai Super Kings,wickets,4,127,20,N,NA,BNJ Oxenford,C Shamshuddin
548362,2012 ***,Pune ***,2012-05-11,League,CH ***,REDACTED,Pune Warriors,Royal Challengers Bangalore,Pune Warriors,field,Royal Challengers Bangalore,runs,35,174,20,N,NA,BF Bowden,SK Tarapore
548363,2012 ***,Kolkata ***,2012-05-12,League,RG ***,REDACTED,Kolkata Knight Riders,Mumbai Indians,Mumbai Indians,bat,Mumbai Indians,runs,27,183,20,N,NA,S Ravi,SJA Taufel
548364,2012 ***,Chennai ***,2012-05-12,League,BW ***,REDACTED, Chepauk",Chennai Super Kings,Delhi Daredevils,Chennai Super Kings,field,Chennai Super Kings,wickets,9,115,20,N,NA,S Das,BR Doctrove
548365,2012 ***,Jaipur ***,2012-05-13,League,A ***,REDACTED,Rajasthan Royals,Pune Warriors,Rajasthan Royals,bat,Rajasthan Royals,runs,45,171,20,N,NA,BF Bowden,SK Tarapore
548366,2012 ***,Chandigarh ***,2012-05-13,League,DJ ***,REDACTED, Mohali",Kings XI Punjab,Deccan Chargers,Deccan Chargers,bat,Kings XI Punjab,wickets,4,191,20,N,NA,HDPK Dharmasena,BNJ Oxenford
548367,2012 ***,Bangalore ***,2012-05-14,League,AT ***,REDACTED,Royal Challengers Bangalore,Mumbai Indians,Mumbai Indians,field,Mumbai Indians,wickets,5,172,20,N,NA,S Das,BR Doctrove
548368,2012 ***,Kolkata ***,2012-05-14,League,MEK ***,REDACTED,Kolkata Knight Riders,Chennai Super Kings,Chennai Super Kings,field,Chennai Super Kings,wickets,5,159,20,N,NA,JD Cloete,SJA Taufel
548369,2012 ***,Delhi ***,2012-05-15,League,UT ***,REDACTED,Delhi Daredevils,Kings XI Punjab,Kings XI Punjab,bat,Delhi Daredevils,wickets,5,137,20,N,NA,HDPK Dharmasena,BNJ Oxenford
548370,2012 ***,Mumbai ***,2012-05-16,League,SP ***,REDACTED,Mumbai Indians,Kolkata Knight Riders,Mumbai Indians,field,Kolkata Knight Riders,runs,32,141,20,N,NA,S Das,BR Doctrove
548371,2012 ***,Dharamsala ***,2012-05-17,League,AC ***,REDACTED,Kings XI Punjab,Chennai Super Kings,Kings XI Punjab,field,Kings XI Punjab,wickets,6,121,20,N,NA,VA Kulkarni,SK Tarapore
548372,2012 ***,Delhi ***,2012-05-17,League,CH ***,REDACTED,Delhi Daredevils,Royal Challengers Bangalore,Delhi Daredevils,field,Royal Challengers Bangalore,runs,21,216,20,N,NA,HDPK Dharmasena,C Shamshuddin
548373,2012 ***,Hyderabad ***,2012-05-18,League,DW ***,REDACTED, Uppal",Deccan Chargers,Rajasthan Royals,Rajasthan Royals,bat,Deccan Chargers,wickets,5,127,20,N,NA,S Ravi,SJA Taufel
548374,2012 ***,Dharamsala ***,2012-05-19,League,UT ***,REDACTED,Kings XI Punjab,Delhi Daredevils,Delhi Daredevils,field,Delhi Daredevils,wickets,6,142,20,N,NA,BF Bowden,VA Kulkarni
548375,2012 ***,Pune ***,2012-05-19,League,Shakib ***,REDACTED,Pune Warriors,Kolkata Knight Riders,Kolkata Knight Riders,bat,Kolkata Knight Riders,runs,34,137,20,N,NA,S Asnani,BR Doctrove
548376,2012 ***,Hyderabad ***,2012-05-20,League,DW ***,REDACTED, Uppal",Deccan Chargers,Royal Challengers Bangalore,Royal Challengers Bangalore,field,Deccan Chargers,runs,9,133,20,N,NA,S Ravi,SJA Taufel
548377,2012 ***,Jaipur ***,2012-05-20,League,DR ***,REDACTED,Rajasthan Royals,Mumbai Indians,Rajasthan Royals,bat,Mumbai Indians,wickets,10,163,20,N,NA,HDPK Dharmasena,C Shamshuddin
548378,2012 ***,Pune ***,2012-05-22,Qualifier 1,YK ***,REDACTED,Delhi Daredevils,Kolkata Knight Riders,Kolkata Knight Riders,bat,Kolkata Knight Riders,runs,18,163,20,N,NA,BR Doctrove,SJA Taufel
548379,2012 ***,Bangalore ***,2012-05-23,Elimination Final,MS ***,REDACTED,Chennai Super Kings,Mumbai Indians,Mumbai Indians,field,Chennai Super Kings,runs,38,188,20,N,NA,BF Bowden,HDPK Dharmasena
548380,2012 ***,Chennai ***,2012-05-25,Qualifier 2,M ***,REDACTED, Chepauk",Delhi Daredevils,Chennai Super Kings,Delhi Daredevils,field,Chennai Super Kings,runs,86,223,20,N,NA,BR Doctrove,SJA Taufel
548381,2012 ***,Chennai ***,2012-05-27,Final,MS ***,REDACTED, Chepauk",Kolkata Knight Riders,Chennai Super Kings,Chennai Super Kings,bat,Kolkata Knight Riders,wickets,5,191,20,N,NA,BF Bowden,SJA Taufel
597998,2013 ***,Kolkata ***,2013-04-03,League,SP ***,REDACTED,Kolkata Knight Riders,Delhi Daredevils,Kolkata Knight Riders,field,Kolkata Knight Riders,wickets,6,129,20,N,NA,S Ravi,SJA Taufel
597999,2013 ***,Bangalore ***,2013-04-04,League,CH ***,REDACTED,Royal Challengers Bangalore,Mumbai Indians,Mumbai Indians,field,Royal Challengers Bangalore,runs,2,157,20,N,NA,VA Kulkarni,C Shamshuddin
598000,2013 ***,Hyderabad ***,2013-04-05,League,A ***,REDACTED, Uppal",Sunrisers Hyderabad,Pune Warriors,Pune Warriors,field,Sunrisers Hyderabad,runs,22,127,20,N,NA,S Ravi,SJA Taufel
598001,2013 ***,Delhi ***,2013-04-06,League,R ***,REDACTED,Delhi Daredevils,Rajasthan Royals,Rajasthan Royals,bat,Rajasthan Royals,runs,5,166,20,N,NA,S Das,C Shamshuddin
598002,2013 ***,Chennai ***,2013-04-06,League,KA ***,REDACTED, Chepauk",Chennai Super Kings,Mumbai Indians,Mumbai Indians,bat,Mumbai Indians,runs,9,149,20,N,NA,M Erasmus,VA Kulkarni
598003,2013 ***,Pune ***,2013-04-07,League,M ***,REDACTED,Pune Warriors,Kings XI Punjab,Pune Warriors,bat,Kings XI Punjab,wickets,8,100,20,N,NA,S Asnani,SJA Taufel
598004,2013 ***,Hyderabad ***,2013-04-07,League,GH ***,REDACTED, Uppal",Sunrisers Hyderabad,Royal Challengers Bangalore,Royal Challengers Bangalore,bat,Sunrisers Hyderabad,tie,NA,131,20,Y,NA,AK Chaudhary,S Ravi
598005,2013 ***,Jaipur ***,2013-04-08,League,SK ***,REDACTED,Rajasthan Royals,Kolkata Knight Riders,Kolkata Knight Riders,field,Rajasthan Royals,runs,19,145,20,N,NA,Aleem Dar,S Das
598006,2013 ***,Mumbai ***,2013-04-09,League,KD ***,REDACTED,Mumbai Indians,Delhi Daredevils,Mumbai Indians,bat,Mumbai Indians,runs,44,210,20,N,NA,M Erasmus,VA Kulkarni
598048,2013 ***,Bangalore ***,2013-04-09,League,V ***,REDACTED,Royal Challengers Bangalore,Sunrisers Hyderabad,Sunrisers Hyderabad,bat,Royal Challengers Bangalore,wickets,7,162,20,N,NA,S Ravi,SJA Taufel
598007,2013 ***,Chandigarh ***,2013-04-10,League,MEK ***,REDACTED, Mohali",Kings XI Punjab,Chennai Super Kings,Chennai Super Kings,field,Chennai Super Kings,wickets,10,139,20,N,NA,Aleem Dar,C Shamshuddin
598008,2013 ***,Bangalore ***,2013-04-11,League,CH ***,REDACTED,Royal Challengers Bangalore,Kolkata Knight Riders,Royal Challengers Bangalore,field,Royal Challengers Bangalore,wickets,8,155,20,N,NA,Asad Rauf,AK Chaudhary
598009,2013 ***,Pune ***,2013-04-11,League,AJ ***,REDACTED,Pune Warriors,Rajasthan Royals,Rajasthan Royals,bat,Pune Warriors,wickets,7,146,20,N,NA,M Erasmus,K Srinath
598010,2013 ***,Delhi ***,2013-04-12,League,A ***,REDACTED,Delhi Daredevils,Sunrisers Hyderabad,Delhi Daredevils,bat,Sunrisers Hyderabad,wickets,3,115,20,N,NA,Aleem Dar,Subroto Das
598011,2013 ***,Mumbai ***,2013-04-13,League,RG ***,REDACTED,Mumbai Indians,Pune Warriors,Mumbai Indians,bat,Mumbai Indians,runs,41,184,20,N,NA,S Ravi,SJA Taufel
598012,2013 ***,Chennai ***,2013-04-13,League,RA ***,REDACTED, Chepauk",Chennai Super Kings,Royal Challengers Bangalore,Chennai Super Kings,field,Chennai Super Kings,wickets,4,166,20,N,NA,Asad Rauf,AK Chaudhary
598013,2013 ***,Kolkata ***,2013-04-14,League,G ***,REDACTED,Kolkata Knight Riders,Sunrisers Hyderabad,Kolkata Knight Riders,bat,Kolkata Knight Riders,runs,48,181,20,N,NA,M Erasmus,VA Kulkarni
598014,2013 ***,Jaipur ***,2013-04-14,League,JP ***,REDACTED,Rajasthan Royals,Kings XI Punjab,Rajasthan Royals,field,Rajasthan Royals,wickets,6,125,20,N,NA,Aleem Dar,C Shamshuddin
598015,2013 ***,Chennai ***,2013-04-15,League,SPD ***,REDACTED, Chepauk",Chennai Super Kings,Pune Warriors,Pune Warriors,bat,Pune Warriors,runs,24,160,20,N,NA,Asad Rauf,AK Chaudhary
598016,2013 ***,Chandigarh ***,2013-04-16,League,MS ***,REDACTED, Mohali",Kings XI Punjab,Kolkata Knight Riders,Kolkata Knight Riders,field,Kings XI Punjab,runs,4,158,20,N,NA,CK Nandan,SJA Taufel
598017,2013 ***,Bangalore ***,2013-04-16,League,V ***,REDACTED,Royal Challengers Bangalore,Delhi Daredevils,Royal Challengers Bangalore,field,Royal Challengers Bangalore,tie,NA,153,20,Y,NA,M Erasmus,VA Kulkarni
598018,2013 ***,Pune ***,2013-04-17,League,A ***,REDACTED,Pune Warriors,Sunrisers Hyderabad,Pune Warriors,field,Sunrisers Hyderabad,runs,11,120,20,N,NA,Asad Rauf,AK Chaudhary
598019,2013 ***,Jaipur ***,2013-04-17,League,AM ***,REDACTED,Rajasthan Royals,Mumbai Indians,Rajasthan Royals,bat,Rajasthan Royals,runs,87,180,20,N,NA,Aleem Dar,C Shamshuddin
598020,2013 ***,Delhi ***,2013-04-18,League,MEK ***,REDACTED,Delhi Daredevils,Chennai Super Kings,Chennai Super Kings,bat,Chennai Super Kings,runs,86,170,20,N,NA,M Erasmus,VA Kulkarni
598021,2013 ***,Hyderabad ***,2013-04-19,League,GH ***,REDACTED, Uppal",Sunrisers Hyderabad,Kings XI Punjab,Kings XI Punjab,bat,Sunrisers Hyderabad,wickets,5,124,20,N,NA,HDPK Dharmasena,CK Nandan
598022,2013 ***,Kolkata ***,2013-04-20,League,RA ***,REDACTED,Kolkata Knight Riders,Chennai Super Kings,Kolkata Knight Riders,bat,Chennai Super Kings,wickets,4,120,20,N,NA,Asad Rauf,AK Chaudhary
598023,2013 ***,Bangalore ***,2013-04-20,League,R ***,REDACTED,Royal Challengers Bangalore,Rajasthan Royals,Royal Challengers Bangalore,field,Royal Challengers Bangalore,wickets,7,118,20,N,NA,Aleem Dar,C Shamshuddin
598024,2013 ***,Delhi ***,2013-04-21,League,V ***,REDACTED,Delhi Daredevils,Mumbai Indians,Mumbai Indians,bat,Delhi Daredevils,wickets,9,162,20,N,NA,HDPK Dharmasena,S Ravi
598025,2013 ***,Chandigarh ***,2013-04-21,League,DA ***,REDACTED, Mohali",Kings XI Punjab,Pune Warriors,Kings XI Punjab,field,Kings XI Punjab,wickets,7,186,20,N,NA,M Erasmus,K Srinath
598026,2013 ***,Chennai ***,2013-04-22,League,MEK ***,REDACTED, Chepauk",Chennai Super Kings,Rajasthan Royals,Rajasthan Royals,bat,Chennai Super Kings,wickets,5,186,20,N,NA,S Asnani,AK Chaudhary
598027,2013 ***,Bangalore ***,2013-04-23,League,CH ***,REDACTED,Royal Challengers Bangalore,Pune Warriors,Pune Warriors,field,Royal Challengers Bangalore,runs,130,264,20,N,NA,Aleem Dar,C Shamshuddin
598059,2013 ***,Delhi ***,2013-04-23,League,Harmeet ***,REDACTED,Delhi Daredevils,Kings XI Punjab,Kings XI Punjab,field,Kings XI Punjab,wickets,5,121,20,N,NA,VA Kulkarni,K Srinath
598029,2013 ***,Kolkata ***,2013-04-24,League,DR ***,REDACTED,Kolkata Knight Riders,Mumbai Indians,Kolkata Knight Riders,bat,Mumbai Indians,wickets,5,160,20,N,NA,HDPK Dharmasena,S Ravi
598030,2013 ***,Chennai ***,2013-04-25,League,MS ***,REDACTED, Chepauk",Chennai Super Kings,Sunrisers Hyderabad,Sunrisers Hyderabad,bat,Chennai Super Kings,wickets,5,160,20,N,NA,Aleem Dar,S Das
598031,2013 ***,Kolkata ***,2013-04-26,League,JH ***,REDACTED,Kolkata Knight Riders,Kings XI Punjab,Kings XI Punjab,bat,Kolkata Knight Riders,wickets,6,150,20,N,NA,CK Nandan,S Ravi
598032,2013 ***,Jaipur ***,2013-04-27,League,JP ***,REDACTED,Rajasthan Royals,Sunrisers Hyderabad,Sunrisers Hyderabad,bat,Rajasthan Royals,wickets,8,145,20,N,NA,VA Kulkarni,K Srinath
598033,2013 ***,Mumbai ***,2013-04-27,League,DR ***,REDACTED,Mumbai Indians,Royal Challengers Bangalore,Mumbai Indians,bat,Mumbai Indians,runs,58,195,20,N,NA,Asad Rauf,S Asnani
598034,2013 ***,Chennai ***,2013-04-28,League,MEK ***,REDACTED, Chepauk",Chennai Super Kings,Kolkata Knight Riders,Kolkata Knight Riders,field,Chennai Super Kings,runs,14,201,20,N,NA,Aleem Dar,SJA Taufel
598035,2013 ***,Raipur ***,2013-04-28,League,DA ***,REDACTED,Delhi Daredevils,Pune Warriors,Pune Warriors,field,Delhi Daredevils,runs,15,165,20,N,NA,CK Nandan,S Ravi
598036,2013 ***,Jaipur ***,2013-04-29,League,SV ***,REDACTED,Rajasthan Royals,Royal Challengers Bangalore,Rajasthan Royals,field,Rajasthan Royals,wickets,4,172,20,N,NA,M Erasmus,K Srinath
598037,2013 ***,Mumbai ***,2013-04-29,League,RG ***,REDACTED,Mumbai Indians,Kings XI Punjab,Mumbai Indians,bat,Mumbai Indians,runs,4,175,20,N,NA,Asad Rauf,AK Chaudhary
598038,2013 ***,Pune ***,2013-04-30,League,MS ***,REDACTED,Pune Warriors,Chennai Super Kings,Chennai Super Kings,bat,Chennai Super Kings,runs,37,165,20,N,NA,S Das,SJA Taufel
598039,2013 ***,Hyderabad ***,2013-05-01,League,I ***,REDACTED, Uppal",Sunrisers Hyderabad,Mumbai Indians,Mumbai Indians,bat,Sunrisers Hyderabad,wickets,7,130,20,N,NA,Asad Rauf,S Asnani
598040,2013 ***,Raipur ***,2013-05-01,League,DA ***,REDACTED,Delhi Daredevils,Kolkata Knight Riders,Kolkata Knight Riders,bat,Delhi Daredevils,wickets,7,137,20,N,NA,HDPK Dharmasena,CK Nandan
598041,2013 ***,Chennai ***,2013-05-02,League,SK ***,REDACTED, Chepauk",Chennai Super Kings,Kings XI Punjab,Chennai Super Kings,bat,Chennai Super Kings,runs,15,187,20,N,NA,M Erasmus,VA Kulkarni
598042,2013 ***,Pune ***,2013-05-02,League,AB ***,REDACTED,Pune Warriors,Royal Challengers Bangalore,Royal Challengers Bangalore,bat,Royal Challengers Bangalore,runs,17,188,20,N,NA,Aleem Dar,C Shamshuddin
598043,2013 ***,Kolkata ***,2013-05-03,League,YK ***,REDACTED,Kolkata Knight Riders,Rajasthan Royals,Rajasthan Royals,bat,Kolkata Knight Riders,wickets,8,133,20,N,NA,HDPK Dharmasena,CK Nandan
598044,2013 ***,Hyderabad ***,2013-05-04,League,DJG ***,REDACTED, Uppal",Sunrisers Hyderabad,Delhi Daredevils,Delhi Daredevils,bat,Sunrisers Hyderabad,wickets,6,81,20,N,NA,Asad Rauf,S Asnani
598046,2013 ***,Mumbai ***,2013-05-05,League,MG ***,REDACTED,Mumbai Indians,Chennai Super Kings,Mumbai Indians,bat,Mumbai Indians,runs,60,140,20,N,NA,HDPK Dharmasena,CK Nandan
598047,2013 ***,Jaipur ***,2013-05-05,League,AM ***,REDACTED,Rajasthan Royals,Pune Warriors,Pune Warriors,bat,Rajasthan Royals,wickets,5,179,20,N,NA,C Shamshuddin,RJ Tucker
598064,2013 ***,Chandigarh ***,2013-05-06,League,DA ***,REDACTED, Mohali",Kings XI Punjab,Royal Challengers Bangalore,Kings XI Punjab,field,Kings XI Punjab,wickets,6,191,20,N,NA,VA Kulkarni,NJ Llong
598049,2013 ***,Jaipur ***,2013-05-07,League,AM ***,REDACTED,Rajasthan Royals,Delhi Daredevils,Delhi Daredevils,bat,Rajasthan Royals,wickets,9,155,20,N,NA,Aleem Dar,RJ Tucker
598050,2013 ***,Mumbai ***,2013-05-07,League,SR ***,REDACTED,Mumbai Indians,Kolkata Knight Riders,Mumbai Indians,bat,Mumbai Indians,runs,65,171,20,N,NA,HDPK Dharmasena,S Ravi
598051,2013 ***,Hyderabad ***,2013-05-08,League,SK ***,REDACTED, Uppal",Sunrisers Hyderabad,Chennai Super Kings,Sunrisers Hyderabad,field,Chennai Super Kings,runs,77,224,20,N,NA,S Das,NJ Llong
598052,2013 ***,Chandigarh ***,2013-05-09,League,KK ***,REDACTED, Mohali",Kings XI Punjab,Rajasthan Royals,Rajasthan Royals,field,Rajasthan Royals,wickets,8,146,20,N,NA,HDPK Dharmasena,S Ravi
598053,2013 ***,Pune ***,2013-05-09,League,G ***,REDACTED,Pune Warriors,Kolkata Knight Riders,Kolkata Knight Riders,bat,Kolkata Knight Riders,runs,46,153,20,N,NA,Asad Rauf,S Asnani
598054,2013 ***,Delhi ***,2013-05-10,League,JD ***,REDACTED,Delhi Daredevils,Royal Challengers Bangalore,Delhi Daredevils,field,Royal Challengers Bangalore,runs,4,184,20,N,NA,NJ Llong,K Srinath
598055,2013 ***,Pune ***,2013-05-11,League,MG ***,REDACTED,Pune Warriors,Mumbai Indians,Pune Warriors,bat,Mumbai Indians,wickets,5,113,20,N,NA,Asad Rauf,AK Chaudhary
598056,2013 ***,Chandigarh ***,2013-05-11,League,PA ***,REDACTED, Mohali",Kings XI Punjab,Sunrisers Hyderabad,Kings XI Punjab,field,Sunrisers Hyderabad,runs,30,151,20,N,NA,S Das,RJ Tucker
598057,2013 ***,Ranchi ***,2013-05-12,League,JH ***,REDACTED,Kolkata Knight Riders,Royal Challengers Bangalore,Kolkata Knight Riders,field,Kolkata Knight Riders,wickets,5,116,20,N,NA,NJ Llong,K Srinath
598058,2013 ***,Jaipur ***,2013-05-12,League,SR ***,REDACTED,Rajasthan Royals,Chennai Super Kings,Rajasthan Royals,field,Rajasthan Royals,wickets,5,142,20,N,NA,HDPK Dharmasena,CK Nandan
598060,2013 ***,Mumbai ***,2013-05-13,League,KA ***,REDACTED,Mumbai Indians,Sunrisers Hyderabad,Sunrisers Hyderabad,bat,Mumbai Indians,wickets,7,179,20,N,NA,AK Chaudhary,SJA Taufel
598045,2013 ***,Bangalore ***,2013-05-14,League,AC ***,REDACTED,Royal Challengers Bangalore,Kings XI Punjab,Kings XI Punjab,field,Kings XI Punjab,wickets,7,175,20,N,NA,HDPK Dharmasena,S Ravi
598062,2013 ***,Chennai ***,2013-05-14,League,MS ***,REDACTED, Chepauk",Chennai Super Kings,Delhi Daredevils,Chennai Super Kings,bat,Chennai Super Kings,runs,33,169,20,N,NA,C Shamshuddin,RJ Tucker
598061,2013 ***,Ranchi ***,2013-05-15,League,MK ***,REDACTED,Kolkata Knight Riders,Pune Warriors,Kolkata Knight Riders,field,Pune Warriors,runs,7,171,20,N,NA,NJ Llong,K Srinath
598063,2013 ***,Mumbai ***,2013-05-15,League,AP ***,REDACTED,Mumbai Indians,Rajasthan Royals,Rajasthan Royals,field,Mumbai Indians,runs,14,167,20,N,NA,Asad Rauf,S Asnani
598028,2013 ***,Dharamsala ***,2013-05-16,League,DA ***,REDACTED,Kings XI Punjab,Delhi Daredevils,Delhi Daredevils,field,Kings XI Punjab,runs,7,172,20,N,NA,HDPK Dharmasena,S Ravi
598065,2013 ***,Hyderabad ***,2013-05-17,League,A ***,REDACTED, Uppal",Sunrisers Hyderabad,Rajasthan Royals,Sunrisers Hyderabad,bat,Sunrisers Hyderabad,runs,23,137,20,N,NA,Asad Rauf,AK Chaudhary
598066,2013 ***,Dharamsala ***,2013-05-18,League,Azhar ***,REDACTED,Kings XI Punjab,Mumbai Indians,Mumbai Indians,field,Kings XI Punjab,runs,50,184,20,N,NA,HDPK Dharmasena,CK Nandan
598068,2013 ***,Bangalore ***,2013-05-18,League,V ***,REDACTED,Royal Challengers Bangalore,Chennai Super Kings,Chennai Super Kings,field,Royal Challengers Bangalore,runs,24,107,8,N,NA,C Shamshuddin,RJ Tucker
598067,2013 ***,Pune ***,2013-05-19,League,LJ ***,REDACTED,Pune Warriors,Delhi Daredevils,Pune Warriors,bat,Pune Warriors,runs,38,173,20,N,NA,NJ Llong,SJA Taufel
598069,2013 ***,Hyderabad ***,2013-05-19,League,PA ***,REDACTED, Uppal",Sunrisers Hyderabad,Kolkata Knight Riders,Kolkata Knight Riders,bat,Sunrisers Hyderabad,wickets,5,131,20,N,NA,Asad Rauf,S Asnani
598070,2013 ***,Delhi ***,2013-05-21,Qualifier 1,MEK ***,REDACTED,Chennai Super Kings,Mumbai Indians,Chennai Super Kings,bat,Chennai Super Kings,runs,48,193,20,N,NA,NJ Llong,RJ Tucker
598071,2013 ***,Delhi ***,2013-05-22,Eliminator,BJ ***,REDACTED,Rajasthan Royals,Sunrisers Hyderabad,Sunrisers Hyderabad,bat,Rajasthan Royals,wickets,4,133,20,N,NA,S Ravi,RJ Tucker
598072,2013 ***,Kolkata ***,2013-05-24,Qualifier 2,Harbhajan ***,REDACTED,Mumbai Indians,Rajasthan Royals,Rajasthan Royals,bat,Mumbai Indians,wickets,4,166,20,N,NA,C Shamshuddin,SJA Taufel
598073,2013 ***,Kolkata ***,2013-05-26,Final,KA ***,REDACTED,Chennai Super Kings,Mumbai Indians,Mumbai Indians,bat,Mumbai Indians,runs,23,149,20,N,NA,HDPK Dharmasena,SJA Taufel
729279,2014 ***,Abu ***,2014-04-16,League,JH ***,REDACTED,Mumbai Indians,Kolkata Knight Riders,Kolkata Knight Riders,bat,Kolkata Knight Riders,runs,41,164,20,N,NA,M Erasmus,RK Illingworth
729281,2014 ***,NA ***,2014-04-17,League,YS ***,REDACTED,Delhi Daredevils,Royal Challengers Bangalore,Royal Challengers Bangalore,field,Royal Challengers Bangalore,wickets,8,146,20,N,NA,Aleem Dar,S Ravi
729283,2014 ***,Abu ***,2014-04-18,League,GJ ***,REDACTED,Chennai Super Kings,Kings XI Punjab,Chennai Super Kings,bat,Kings XI Punjab,wickets,6,206,20,N,NA,RK Illingworth,C Shamshuddin
729285,2014 ***,Abu ***,2014-04-18,League,AM ***,REDACTED,Sunrisers Hyderabad,Rajasthan Royals,Rajasthan Royals,field,Rajasthan Royals,wickets,4,134,20,N,NA,BF Bowden,RK Illingworth
729287,2014 ***,NA ***,2014-04-19,League,PA ***,REDACTED,Royal Challengers Bangalore,Mumbai Indians,Royal Challengers Bangalore,field,Royal Challengers Bangalore,wickets,7,116,20,N,NA,Aleem Dar,AK Chaudhary
729289,2014 ***,NA ***,2014-04-19,League,JP ***,REDACTED,Kolkata Knight Riders,Delhi Daredevils,Kolkata Knight Riders,bat,Delhi Daredevils,wickets,4,167,20,N,NA,Aleem Dar,VA Kulkarni
729291,2014 ***,NA ***,2014-04-20,League,GJ ***,REDACTED,Rajasthan Royals,Kings XI Punjab,Kings XI Punjab,field,Kings XI Punjab,wickets,7,192,20,N,NA,BF Bowden,M Erasmus
729293,2014 ***,Abu ***,2014-04-21,League,SK ***,REDACTED,Chennai Super Kings,Delhi Daredevils,Chennai Super Kings,bat,Chennai Super Kings,runs,93,178,20,N,NA,RK Illingworth,C Shamshuddin
729295,2014 ***,NA ***,2014-04-22,League,GJ ***,REDACTED,Kings XI Punjab,Sunrisers Hyderabad,Sunrisers Hyderabad,field,Kings XI Punjab,runs,72,194,20,N,NA,M Erasmus,S Ravi
729297,2014 ***,NA ***,2014-04-23,League,RA ***,REDACTED,Rajasthan Royals,Chennai Super Kings,Rajasthan Royals,field,Chennai Super Kings,runs,7,141,20,N,NA,HDPK Dharmasena,RK Illingworth
729299,2014 ***,NA ***,2014-04-24,League,CA ***,REDACTED,Royal Challengers Bangalore,Kolkata Knight Riders,Royal Challengers Bangalore,field,Kolkata Knight Riders,runs,2,151,20,N,NA,Aleem Dar,VA Kulkarni
729301,2014 ***,NA ***,2014-04-25,League,AJ ***,REDACTED,Sunrisers Hyderabad,Delhi Daredevils,Sunrisers Hyderabad,bat,Sunrisers Hyderabad,runs,4,185,20,N,NA,M Erasmus,S Ravi
729303,2014 ***,NA ***,2014-04-25,League,MM ***,REDACTED,Chennai Super Kings,Mumbai Indians,Mumbai Indians,bat,Chennai Super Kings,wickets,7,142,20,N,NA,BF Bowden,M Erasmus
729305,2014 ***,Abu ***,2014-04-26,League,PV ***,REDACTED,Rajasthan Royals,Royal Challengers Bangalore,Rajasthan Royals,field,Rajasthan Royals,wickets,6,71,20,N,NA,HDPK Dharmasena,C Shamshuddin
729307,2014 ***,Abu ***,2014-04-26,League,Sandeep ***,REDACTED,Kolkata Knight Riders,Kings XI Punjab,Kolkata Knight Riders,field,Kings XI Punjab,runs,23,133,20,N,NA,HDPK Dharmasena,RK Illingworth
729309,2014 ***,NA ***,2014-04-27,League,M ***,REDACTED,Delhi Daredevils,Mumbai Indians,Mumbai Indians,bat,Delhi Daredevils,wickets,6,126,20,N,NA,Aleem Dar,VA Kulkarni
729311,2014 ***,NA ***,2014-04-27,League,DR ***,REDACTED,Sunrisers Hyderabad,Chennai Super Kings,Sunrisers Hyderabad,bat,Chennai Super Kings,wickets,5,146,20,N,NA,AK Chaudhary,VA Kulkarni
729313,2014 ***,NA ***,2014-04-28,League,Sandeep ***,REDACTED,Kings XI Punjab,Royal Challengers Bangalore,Kings XI Punjab,field,Kings XI Punjab,wickets,5,125,20,N,NA,BF Bowden,S Ravi
729315,2014 ***,Abu ***,2014-04-29,League,JP ***,REDACTED,Kolkata Knight Riders,Rajasthan Royals,Rajasthan Royals,bat,Rajasthan Royals,tie,NA,153,20,Y,NA,Aleem Dar,AK Chaudhary
729317,2014 ***,NA ***,2014-04-30,League,B ***,REDACTED,Mumbai Indians,Sunrisers Hyderabad,Mumbai Indians,field,Sunrisers Hyderabad,runs,15,173,20,N,NA,HDPK Dharmasena,M Erasmus
733971,2014 ***,Ranchi ***,2014-05-02,League,RA ***,REDACTED,Chennai Super Kings,Kolkata Knight Riders,Chennai Super Kings,bat,Chennai Super Kings,runs,34,149,17,N,NA,AK Chaudhary,NJ Llong
733973,2014 ***,Mumbai ***,2014-05-03,League,CJ ***,REDACTED,Mumbai Indians,Kings XI Punjab,Kings XI Punjab,bat,Mumbai Indians,wickets,5,169,20,N,NA,BNJ Oxenford,C Shamshuddin
733975,2014 ***,Delhi ***,2014-05-03,League,KK ***,REDACTED,Delhi Daredevils,Rajasthan Royals,Rajasthan Royals,field,Rajasthan Royals,wickets,7,153,20,N,NA,SS Hazare,S Ravi
733977,2014 ***,Bangalore ***,2014-05-04,League,AB ***,REDACTED,Royal Challengers Bangalore,Sunrisers Hyderabad,Royal Challengers Bangalore,field,Royal Challengers Bangalore,wickets,4,156,20,N,NA,HDPK Dharmasena,VA Kulkarni
733979,2014 ***,Ahmedabad ***,2014-05-05,League,PV ***,REDACTED, Motera",Rajasthan Royals,Kolkata Knight Riders,Kolkata Knight Riders,field,Rajasthan Royals,runs,10,171,20,N,NA,NJ Llong,CK Nandan
733981,2014 ***,Delhi ***,2014-05-05,League,DR ***,REDACTED,Delhi Daredevils,Chennai Super Kings,Chennai Super Kings,field,Chennai Super Kings,wickets,8,179,20,N,NA,RM Deshpande,BNJ Oxenford
733983,2014 ***,Mumbai ***,2014-05-06,League,RG ***,REDACTED,Mumbai Indians,Royal Challengers Bangalore,Royal Challengers Bangalore,field,Mumbai Indians,runs,19,188,20,N,NA,S Ravi,K Srinath
733985,2014 ***,Delhi ***,2014-05-07,League,G ***,REDACTED,Delhi Daredevils,Kolkata Knight Riders,Delhi Daredevils,bat,Kolkata Knight Riders,wickets,8,161,20,N,NA,BNJ Oxenford,C Shamshuddin
733987,2014 ***,Cuttack ***,2014-05-07,League,GJ ***,REDACTED,Kings XI Punjab,Chennai Super Kings,Chennai Super Kings,field,Kings XI Punjab,runs,44,232,20,N,NA,HDPK Dharmasena,PG Pathak
733989,2014 ***,Ahmedabad ***,2014-05-08,League,B ***,REDACTED, Motera",Rajasthan Royals,Sunrisers Hyderabad,Rajasthan Royals,field,Sunrisers Hyderabad,runs,32,135,20,N,NA,AK Chaudhary,NJ Llong
733991,2014 ***,Bangalore ***,2014-05-09,League,Sandeep ***,REDACTED,Royal Challengers Bangalore,Kings XI Punjab,Royal Challengers Bangalore,field,Kings XI Punjab,runs,32,199,20,N,NA,S Ravi,K Srinath
733993,2014 ***,Delhi ***,2014-05-10,League,DW ***,REDACTED,Delhi Daredevils,Sunrisers Hyderabad,Sunrisers Hyderabad,field,Sunrisers Hyderabad,wickets,8,43,5,N,D/L,RM Deshpande,BNJ Oxenford
733995,2014 ***,Mumbai ***,2014-05-10,League,DR ***,REDACTED,Mumbai Indians,Chennai Super Kings,Chennai Super Kings,field,Chennai Super Kings,wickets,4,158,20,N,NA,HDPK Dharmasena,VA Kulkarni
733997,2014 ***,Cuttack ***,2014-05-11,League,G ***,REDACTED,Kings XI Punjab,Kolkata Knight Riders,Kolkata Knight Riders,field,Kolkata Knight Riders,wickets,9,150,20,N,NA,NJ Llong,CK Nandan
733999,2014 ***,Bangalore ***,2014-05-11,League,JP ***,REDACTED,Royal Challengers Bangalore,Rajasthan Royals,Royal Challengers Bangalore,bat,Rajasthan Royals,wickets,5,191,20,N,NA,S Ravi,RJ Tucker
734001,2014 ***,Hyderabad ***,2014-05-12,League,AT ***,REDACTED, Uppal",Sunrisers Hyderabad,Mumbai Indians,Sunrisers Hyderabad,bat,Mumbai Indians,wickets,7,158,20,N,NA,HDPK Dharmasena,VA Kulkarni
734003,2014 ***,Ranchi ***,2014-05-13,League,RA ***,REDACTED,Chennai Super Kings,Rajasthan Royals,Rajasthan Royals,bat,Chennai Super Kings,wickets,5,149,20,N,NA,BNJ Oxenford,C Shamshuddin
734005,2014 ***,Bangalore ***,2014-05-13,League,Yuvraj ***,REDACTED,Royal Challengers Bangalore,Delhi Daredevils,Delhi Daredevils,field,Royal Challengers Bangalore,runs,16,187,20,N,NA,K Srinath,RJ Tucker
734007,2014 ***,Hyderabad ***,2014-05-14,League,WP ***,REDACTED, Uppal",Sunrisers Hyderabad,Kings XI Punjab,Kings XI Punjab,field,Kings XI Punjab,wickets,6,206,20,N,NA,VA Kulkarni,PG Pathak
734009,2014 ***,Cuttack ***,2014-05-14,League,RV ***,REDACTED,Kolkata Knight Riders,Mumbai Indians,Kolkata Knight Riders,field,Kolkata Knight Riders,wickets,6,142,20,N,NA,AK Chaudhary,NJ Llong
734011,2014 ***,Ahmedabad ***,2014-05-15,League,AM ***,REDACTED, Motera",Rajasthan Royals,Delhi Daredevils,Delhi Daredevils,field,Rajasthan Royals,runs,62,202,20,N,NA,S Ravi,RJ Tucker
734013,2014 ***,Ranchi ***,2014-05-18,League,AB ***,REDACTED,Chennai Super Kings,Royal Challengers Bangalore,Chennai Super Kings,bat,Royal Challengers Bangalore,wickets,5,139,20,N,NA,BNJ Oxenford,C Shamshuddin
734015,2014 ***,Hyderabad ***,2014-05-18,League,UT ***,REDACTED, Uppal",Sunrisers Hyderabad,Kolkata Knight Riders,Sunrisers Hyderabad,bat,Kolkata Knight Riders,wickets,7,143,20,N,NA,NJ Llong,CK Nandan
734017,2014 ***,Ahmedabad ***,2014-05-19,League,MEK ***,REDACTED, Motera",Rajasthan Royals,Mumbai Indians,Mumbai Indians,bat,Mumbai Indians,runs,25,179,20,N,NA,S Ravi,RJ Tucker
734019,2014 ***,Delhi ***,2014-05-19,League,AR ***,REDACTED,Delhi Daredevils,Kings XI Punjab,Kings XI Punjab,field,Kings XI Punjab,wickets,4,165,20,N,NA,HDPK Dharmasena,PG Pathak
734021,2014 ***,Hyderabad ***,2014-05-20,League,DA ***,REDACTED, Uppal",Sunrisers Hyderabad,Royal Challengers Bangalore,Royal Challengers Bangalore,bat,Sunrisers Hyderabad,wickets,7,161,20,N,NA,AK Chaudhary,NJ Llong
734023,2014 ***,Kolkata ***,2014-05-20,League,RV ***,REDACTED,Kolkata Knight Riders,Chennai Super Kings,Kolkata Knight Riders,field,Kolkata Knight Riders,wickets,8,155,20,N,NA,RM Deshpande,C Shamshuddin
734025,2014 ***,Chandigarh ***,2014-05-21,League,LMP ***,REDACTED, Mohali",Kings XI Punjab,Mumbai Indians,Mumbai Indians,field,Mumbai Indians,wickets,7,157,20,N,NA,HDPK Dharmasena,VA Kulkarni
734027,2014 ***,Kolkata ***,2014-05-22,League,RV ***,REDACTED,Kolkata Knight Riders,Royal Challengers Bangalore,Royal Challengers Bangalore,field,Kolkata Knight Riders,runs,30,196,20,N,NA,AK Chaudhary,CK Nandan
734029,2014 ***,Ranchi ***,2014-05-22,League,DA ***,REDACTED,Chennai Super Kings,Sunrisers Hyderabad,Sunrisers Hyderabad,field,Sunrisers Hyderabad,wickets,6,186,20,N,NA,BNJ Oxenford,C Shamshuddin
734031,2014 ***,Mumbai ***,2014-05-23,League,MEK ***,REDACTED,Mumbai Indians,Delhi Daredevils,Delhi Daredevils,field,Mumbai Indians,runs,15,174,20,N,NA,S Ravi,RJ Tucker
734033,2014 ***,Chandigarh ***,2014-05-23,League,SE ***,REDACTED, Mohali",Kings XI Punjab,Rajasthan Royals,Rajasthan Royals,field,Kings XI Punjab,runs,16,180,20,N,NA,HDPK Dharmasena,PG Pathak
734035,2014 ***,Bangalore ***,2014-05-24,League,MS ***,REDACTED,Royal Challengers Bangalore,Chennai Super Kings,Chennai Super Kings,field,Chennai Super Kings,wickets,8,155,20,N,NA,AK Chaudhary,NJ Llong
734037,2014 ***,Kolkata ***,2014-05-24,League,YK ***,REDACTED,Kolkata Knight Riders,Sunrisers Hyderabad,Kolkata Knight Riders,field,Kolkata Knight Riders,wickets,4,161,20,N,NA,RM Deshpande,BNJ Oxenford
734039,2014 ***,Chandigarh ***,2014-05-25,League,M ***,REDACTED, Mohali",Kings XI Punjab,Delhi Daredevils,Kings XI Punjab,field,Kings XI Punjab,wickets,7,116,20,N,NA,HDPK Dharmasena,VA Kulkarni
734041,2014 ***,Mumbai ***,2014-05-25,League,CJ ***,REDACTED,Mumbai Indians,Rajasthan Royals,Mumbai Indians,field,Mumbai Indians,wickets,5,190,20,N,NA,K Srinath,RJ Tucker
734043,2014 ***,Kolkata ***,2014-05-27,Qualifier 1,UT ***,REDACTED,Kings XI Punjab,Kolkata Knight Riders,Kings XI Punjab,field,Kolkata Knight Riders,runs,28,164,20,N,NA,NJ Llong,S Ravi
734045,2014 ***,Mumbai ***,2014-05-28,Eliminator,SK ***,REDACTED,Chennai Super Kings,Mumbai Indians,Chennai Super Kings,field,Chennai Super Kings,wickets,7,174,20,N,NA,VA Kulkarni,BNJ Oxenford
734047,2014 ***,Mumbai ***,2014-05-30,Qualifier 2,V ***,REDACTED,Chennai Super Kings,Kings XI Punjab,Chennai Super Kings,field,Kings XI Punjab,runs,24,227,20,N,NA,HDPK Dharmasena,RJ Tucker
734049,2014 ***,Bangalore ***,2014-06-01,Final,MK ***,REDACTED,Kolkata Knight Riders,Kings XI Punjab,Kolkata Knight Riders,field,Kolkata Knight Riders,wickets,3,200,20,N,NA,HDPK Dharmasena,BNJ Oxenford
829705,2015 ***,Kolkata ***,2015-04-08,League,M ***,REDACTED,Kolkata Knight Riders,Mumbai Indians,Kolkata Knight Riders,field,Kolkata Knight Riders,wickets,7,169,20,N,NA,S Ravi,C Shamshuddin
829707,2015 ***,Chennai ***,2015-04-09,League,A ***,REDACTED, Chepauk",Chennai Super Kings,Delhi Daredevils,Delhi Daredevils,field,Chennai Super Kings,runs,1,151,20,N,NA,RK Illingworth,VA Kulkarni
829709,2015 ***,Pune ***,2015-04-10,League,JP ***,REDACTED,Kings XI Punjab,Rajasthan Royals,Kings XI Punjab,field,Rajasthan Royals,runs,26,163,20,N,NA,SD Fry,CB Gaffaney
829711,2015 ***,Chennai ***,2015-04-11,League,BB ***,REDACTED, Chepauk",Chennai Super Kings,Sunrisers Hyderabad,Chennai Super Kings,bat,Chennai Super Kings,runs,45,210,20,N,NA,RK Illingworth,VA Kulkarni
829713,2015 ***,Kolkata ***,2015-04-11,League,CH ***,REDACTED,Kolkata Knight Riders,Royal Challengers Bangalore,Royal Challengers Bangalore,field,Royal Challengers Bangalore,wickets,3,178,20,N,NA,S Ravi,C Shamshuddin
829715,2015 ***,Delhi ***,2015-04-12,League,DJ ***,REDACTED,Delhi Daredevils,Rajasthan Royals,Rajasthan Royals,field,Rajasthan Royals,wickets,3,185,20,N,NA,SD Fry,CB Gaffaney
829717,2015 ***,Mumbai ***,2015-04-12,League,GJ ***,REDACTED,Mumbai Indians,Kings XI Punjab,Mumbai Indians,field,Kings XI Punjab,runs,18,178,20,N,NA,AK Chaudhary,K Srinivasan
829719,2015 ***,Bangalore ***,2015-04-13,League,DA ***,REDACTED,Royal Challengers Bangalore,Sunrisers Hyderabad,Sunrisers Hyderabad,field,Sunrisers Hyderabad,wickets,8,167,20,N,NA,RM Deshpande,RK Illingworth
829721,2015 ***,Ahmedabad ***,2015-04-14,League,SPD ***,REDACTED, Motera",Rajasthan Royals,Mumbai Indians,Mumbai Indians,bat,Rajasthan Royals,wickets,7,165,20,N,NA,AK Chaudhary,SD Fry
829725,2015 ***,Pune ***,2015-04-15,League,MA ***,REDACTED,Kings XI Punjab,Delhi Daredevils,Kings XI Punjab,bat,Delhi Daredevils,wickets,5,166,20,N,NA,CB Gaffaney,K Srinath
829727,2015 ***,Visakhapatnam ***,2015-04-16,League,AM ***,REDACTED,Sunrisers Hyderabad,Rajasthan Royals,Rajasthan Royals,field,Rajasthan Royals,wickets,6,128,20,N,NA,PG Pathak,S Ravi
829729,2015 ***,Mumbai ***,2015-04-17,League,A ***,REDACTED,Mumbai Indians,Chennai Super Kings,Mumbai Indians,bat,Chennai Super Kings,wickets,6,184,20,N,NA,AK Chaudhary,M Erasmus
829731,2015 ***,Visakhapatnam ***,2015-04-18,League,JP ***,REDACTED,Sunrisers Hyderabad,Delhi Daredevils,Delhi Daredevils,bat,Delhi Daredevils,runs,4,168,20,N,NA,PG Pathak,S Ravi
829733,2015 ***,Pune ***,2015-04-18,League,AD ***,REDACTED,Kings XI Punjab,Kolkata Knight Riders,Kolkata Knight Riders,field,Kolkata Knight Riders,wickets,4,156,20,N,NA,SD Fry,CK Nandan
829735,2015 ***,Ahmedabad ***,2015-04-19,League,AM ***,REDACTED, Motera",Rajasthan Royals,Chennai Super Kings,Chennai Super Kings,bat,Rajasthan Royals,wickets,8,157,20,N,NA,AK Chaudhary,M Erasmus
829737,2015 ***,Bangalore ***,2015-04-19,League,Harbhajan ***,REDACTED,Royal Challengers Bangalore,Mumbai Indians,Royal Challengers Bangalore,field,Mumbai Indians,runs,18,210,20,N,NA,RK Illingworth,VA Kulkarni
829739,2015 ***,Delhi ***,2015-04-20,League,UT ***,REDACTED,Delhi Daredevils,Kolkata Knight Riders,Kolkata Knight Riders,field,Kolkata Knight Riders,wickets,6,147,20,N,NA,SD Fry,CB Gaffaney
829741,2015 ***,Ahmedabad ***,2015-04-21,League,SE ***,REDACTED, Motera",Rajasthan Royals,Kings XI Punjab,Kings XI Punjab,field,Kings XI Punjab,tie,NA,192,20,Y,NA,M Erasmus,S Ravi
829743,2015 ***,Visakhapatnam ***,2015-04-22,League,DA ***,REDACTED,Sunrisers Hyderabad,Kolkata Knight Riders,Kolkata Knight Riders,field,Sunrisers Hyderabad,runs,16,118,12,N,D/L,RK Illingworth,VA Kulkarni
829745,2015 ***,Bangalore ***,2015-04-22,League,SK ***,REDACTED,Royal Challengers Bangalore,Chennai Super Kings,Royal Challengers Bangalore,field,Chennai Super Kings,runs,27,182,20,N,NA,JD Cloete,C Shamshuddin
829747,2015 ***,Delhi ***,2015-04-23,League,SS ***,REDACTED,Delhi Daredevils,Mumbai Indians,Mumbai Indians,field,Delhi Daredevils,runs,37,191,20,N,NA,SD Fry,CK Nandan
829749,2015 ***,Ahmedabad ***,2015-04-24,League,MA ***,REDACTED, Motera",Rajasthan Royals,Royal Challengers Bangalore,Royal Challengers Bangalore,field,Royal Challengers Bangalore,wickets,9,131,20,N,NA,M Erasmus,S Ravi
829751,2015 ***,Mumbai ***,2015-04-25,League,SL ***,REDACTED,Mumbai Indians,Sunrisers Hyderabad,Mumbai Indians,bat,Mumbai Indians,runs,20,158,20,N,NA,HDPK Dharmasena,CB Gaffaney
829753,2015 ***,Chennai ***,2015-04-25,League,BB ***,REDACTED, Chepauk",Chennai Super Kings,Kings XI Punjab,Chennai Super Kings,bat,Chennai Super Kings,runs,97,193,20,N,NA,JD Cloete,C Shamshuddin
829757,2015 ***,Delhi ***,2015-04-26,League,VR ***,REDACTED,Delhi Daredevils,Royal Challengers Bangalore,Royal Challengers Bangalore,field,Royal Challengers Bangalore,wickets,10,96,20,N,NA,M Erasmus,S Ravi
829759,2015 ***,Chandigarh ***,2015-04-27,League,TA ***,REDACTED, Mohali",Kings XI Punjab,Sunrisers Hyderabad,Kings XI Punjab,field,Sunrisers Hyderabad,runs,20,151,20,N,NA,HDPK Dharmasena,CB Gaffaney
829765,2015 ***,Chennai ***,2015-04-28,League,DJ ***,REDACTED, Chepauk",Chennai Super Kings,Kolkata Knight Riders,Kolkata Knight Riders,field,Chennai Super Kings,runs,2,135,20,N,NA,RM Deshpande,VA Kulkarni
829763,2015 ***,Bangalore ***,2015-04-29,League,NA ***,REDACTED,Royal Challengers Bangalore,Rajasthan Royals,Rajasthan Royals,field,NA,no result,NA,NA,NA,N,NA,JD Cloete,PG Pathak
829723,2015 ***,Kolkata ***,2015-04-30,League,AD ***,REDACTED,Kolkata Knight Riders,Chennai Super Kings,Kolkata Knight Riders,field,Kolkata Knight Riders,wickets,7,166,20,N,NA,AK Chaudhary,M Erasmus
829767,2015 ***,Delhi ***,2015-05-01,League,NM ***,REDACTED,Delhi Daredevils,Kings XI Punjab,Delhi Daredevils,field,Delhi Daredevils,wickets,9,119,20,N,NA,RK Illingworth,S Ravi
829769,2015 ***,Mumbai ***,2015-05-01,League,AT ***,REDACTED,Mumbai Indians,Rajasthan Royals,Rajasthan Royals,field,Mumbai Indians,runs,8,188,20,N,NA,HDPK Dharmasena,CK Nandan
829771,2015 ***,Bangalore ***,2015-05-02,League,Mandeep ***,REDACTED,Royal Challengers Bangalore,Kolkata Knight Riders,Royal Challengers Bangalore,field,Royal Challengers Bangalore,wickets,7,112,10,N,NA,JD Cloete,PG Pathak
829773,2015 ***,Hyderabad ***,2015-05-02,League,DA ***,REDACTED, Uppal",Sunrisers Hyderabad,Chennai Super Kings,Chennai Super Kings,field,Sunrisers Hyderabad,runs,22,193,20,N,NA,AK Chaudhary,K Srinivasan
829775,2015 ***,Chandigarh ***,2015-05-03,League,LMP ***,REDACTED, Mohali",Kings XI Punjab,Mumbai Indians,Mumbai Indians,bat,Mumbai Indians,runs,23,173,20,N,NA,RK Illingworth,VA Kulkarni
829777,2015 ***,Mumbai ***,2015-05-03,League,AM ***,REDACTED,Rajasthan Royals,Delhi Daredevils,Delhi Daredevils,field,Rajasthan Royals,runs,14,190,20,N,NA,HDPK Dharmasena,CB Gaffaney
829779,2015 ***,Chennai ***,2015-05-04,League,SK ***,REDACTED, Chepauk",Chennai Super Kings,Royal Challengers Bangalore,Chennai Super Kings,bat,Chennai Super Kings,runs,24,149,20,N,NA,C Shamshuddin,K Srinath
829781,2015 ***,Kolkata ***,2015-05-04,League,UT ***,REDACTED,Kolkata Knight Riders,Sunrisers Hyderabad,Sunrisers Hyderabad,field,Kolkata Knight Riders,runs,35,168,20,N,NA,AK Chaudhary,M Erasmus
829783,2015 ***,Mumbai ***,2015-05-05,League,Harbhajan ***,REDACTED,Mumbai Indians,Delhi Daredevils,Delhi Daredevils,bat,Mumbai Indians,wickets,5,153,20,N,NA,HDPK Dharmasena,CB Gaffaney
829785,2015 ***,Bangalore ***,2015-05-06,League,CH ***,REDACTED,Royal Challengers Bangalore,Kings XI Punjab,Kings XI Punjab,field,Royal Challengers Bangalore,runs,138,227,20,N,NA,RK Illingworth,VA Kulkarni
829761,2015 ***,Kolkata ***,2015-05-07,League,PP ***,REDACTED,Kolkata Knight Riders,Delhi Daredevils,Kolkata Knight Riders,bat,Kolkata Knight Riders,runs,13,172,20,N,NA,AK Chaudhary,M Erasmus
829787,2015 ***,Mumbai ***,2015-05-07,League,EJG ***,REDACTED,Rajasthan Royals,Sunrisers Hyderabad,Rajasthan Royals,field,Sunrisers Hyderabad,runs,7,202,20,N,NA,JD Cloete,C Shamshuddin
829789,2015 ***,Chennai ***,2015-05-08,League,HH ***,REDACTED, Chepauk",Chennai Super Kings,Mumbai Indians,Chennai Super Kings,bat,Mumbai Indians,wickets,6,159,20,N,NA,CB Gaffaney,CK Nandan
829791,2015 ***,Kolkata ***,2015-05-09,League,AD ***,REDACTED,Kolkata Knight Riders,Kings XI Punjab,Kings XI Punjab,bat,Kolkata Knight Riders,wickets,1,184,20,N,NA,AK Chaudhary,HDPK Dharmasena
829793,2015 ***,Raipur ***,2015-05-09,League,MC ***,REDACTED,Delhi Daredevils,Sunrisers Hyderabad,Sunrisers Hyderabad,bat,Sunrisers Hyderabad,runs,6,164,20,N,NA,VA Kulkarni,S Ravi
829795,2015 ***,Mumbai ***,2015-05-10,League,AB ***,REDACTED,Mumbai Indians,Royal Challengers Bangalore,Royal Challengers Bangalore,bat,Royal Challengers Bangalore,runs,39,236,20,N,NA,JD Cloete,C Shamshuddin
829797,2015 ***,Chennai ***,2015-05-10,League,RA ***,REDACTED, Chepauk",Chennai Super Kings,Rajasthan Royals,Chennai Super Kings,bat,Chennai Super Kings,runs,12,158,20,N,NA,M Erasmus,CK Nandan
829799,2015 ***,Hyderabad ***,2015-05-11,League,DA ***,REDACTED, Uppal",Sunrisers Hyderabad,Kings XI Punjab,Sunrisers Hyderabad,bat,Sunrisers Hyderabad,runs,5,186,20,N,NA,AK Chaudhary,HDPK Dharmasena
829801,2015 ***,Raipur ***,2015-05-12,League,Z ***,REDACTED,Delhi Daredevils,Chennai Super Kings,Chennai Super Kings,bat,Delhi Daredevils,wickets,6,120,20,N,NA,RK Illingworth,VA Kulkarni
829803,2015 ***,Chandigarh ***,2015-05-13,League,AR ***,REDACTED, Mohali",Kings XI Punjab,Royal Challengers Bangalore,Royal Challengers Bangalore,field,Kings XI Punjab,runs,22,107,10,N,NA,JD Cloete,C Shamshuddin
829805,2015 ***,Mumbai ***,2015-05-14,League,HH ***,REDACTED,Mumbai Indians,Kolkata Knight Riders,Kolkata Knight Riders,field,Mumbai Indians,runs,5,172,20,N,NA,RK Illingworth,VA Kulkarni
829807,2015 ***,Hyderabad ***,2015-05-15,League,V ***,REDACTED, Uppal",Sunrisers Hyderabad,Royal Challengers Bangalore,Sunrisers Hyderabad,bat,Royal Challengers Bangalore,wickets,6,81,6,N,D/L,AK Chaudhary,HDPK Dharmasena
829809,2015 ***,Chandigarh ***,2015-05-16,League,P ***,REDACTED, Mohali",Kings XI Punjab,Chennai Super Kings,Kings XI Punjab,bat,Chennai Super Kings,wickets,7,131,20,N,NA,CK Nandan,C Shamshuddin
829811,2015 ***,Mumbai ***,2015-05-16,League,SR ***,REDACTED,Rajasthan Royals,Kolkata Knight Riders,Rajasthan Royals,bat,Rajasthan Royals,runs,9,200,20,N,NA,RM Deshpande,RK Illingworth
829813,2015 ***,Bangalore ***,2015-05-17,League,NA ***,REDACTED,Royal Challengers Bangalore,Delhi Daredevils,Royal Challengers Bangalore,field,NA,no result,NA,188,20,N,NA,HDPK Dharmasena,K Srinivasan
829815,2015 ***,Hyderabad ***,2015-05-17,League,MJ ***,REDACTED, Uppal",Sunrisers Hyderabad,Mumbai Indians,Sunrisers Hyderabad,bat,Mumbai Indians,wickets,9,114,20,N,NA,CB Gaffaney,K Srinath
829817,2015 ***,Mumbai ***,2015-05-19,Qualifier 1,KA ***,REDACTED,Chennai Super Kings,Mumbai Indians,Mumbai Indians,bat,Mumbai Indians,runs,25,188,20,N,NA,HDPK Dharmasena,RK Illingworth
829819,2015 ***,Pune ***,2015-05-20,Eliminator,AB ***,REDACTED,Royal Challengers Bangalore,Rajasthan Royals,Royal Challengers Bangalore,bat,Royal Challengers Bangalore,runs,71,181,20,N,NA,AK Chaudhary,C Shamshuddin
829821,2015 ***,Ranchi ***,2015-05-22,Qualifier 2,A ***,REDACTED,Chennai Super Kings,Royal Challengers Bangalore,Chennai Super Kings,field,Chennai Super Kings,wickets,3,140,20,N,NA,AK Chaudhary,CB Gaffaney
829823,2015 ***,Kolkata ***,2015-05-24,Final,RG ***,REDACTED,Mumbai Indians,Chennai Super Kings,Chennai Super Kings,field,Mumbai Indians,runs,41,203,20,N,NA,HDPK Dharmasena,RK Illingworth
980901,2016 ***,Mumbai ***,2016-04-09,League,AM ***,REDACTED,Mumbai Indians,Rising Pune Supergiants,Mumbai Indians,bat,Rising Pune Supergiants,wickets,9,122,20,N,NA,HDPK Dharmasena,CK Nandan
980903,2016 ***,Kolkata ***,2016-04-10,League,AD ***,REDACTED,Kolkata Knight Riders,Delhi Daredevils,Kolkata Knight Riders,field,Kolkata Knight Riders,wickets,9,99,20,N,NA,S Ravi,C Shamshuddin
980905,2016 ***,Chandigarh ***,2016-04-11,League,AJ ***,REDACTED, Mohali",Kings XI Punjab,Gujarat Lions,Gujarat Lions,field,Gujarat Lions,wickets,5,162,20,N,NA,AK Chaudhary,VA Kulkarni
980907,2016 ***,Bangalore ***,2016-04-12,League,AB ***,REDACTED,Royal Challengers Bangalore,Sunrisers Hyderabad,Sunrisers Hyderabad,field,Royal Challengers Bangalore,runs,45,228,20,N,NA,HDPK Dharmasena,VK Sharma
980909,2016 ***,Kolkata ***,2016-04-13,League,RG ***,REDACTED,Kolkata Knight Riders,Mumbai Indians,Mumbai Indians,field,Mumbai Indians,wickets,6,188,20,N,NA,Nitin Menon,S Ravi
980911,2016 ***,Rajkot ***,2016-04-14,League,AJ ***,REDACTED,Gujarat Lions,Rising Pune Supergiants,Rising Pune Supergiants,bat,Gujarat Lions,wickets,7,164,20,N,NA,VA Kulkarni,CK Nandan
980913,2016 ***,Delhi ***,2016-04-15,League,A ***,REDACTED,Delhi Daredevils,Kings XI Punjab,Delhi Daredevils,field,Delhi Daredevils,wickets,8,112,20,N,NA,S Ravi,C Shamshuddin
980915,2016 ***,Hyderabad ***,2016-04-16,League,G ***,REDACTED, Uppal",Sunrisers Hyderabad,Kolkata Knight Riders,Sunrisers Hyderabad,bat,Kolkata Knight Riders,wickets,8,143,20,N,NA,AK Chaudhary,CK Nandan
980917,2016 ***,Mumbai ***,2016-04-16,League,AJ ***,REDACTED,Mumbai Indians,Gujarat Lions,Gujarat Lions,field,Gujarat Lions,wickets,3,144,20,N,NA,HDPK Dharmasena,VK Sharma
980919,2016 ***,Chandigarh ***,2016-04-17,League,M ***,REDACTED, Mohali",Kings XI Punjab,Rising Pune Supergiants,Rising Pune Supergiants,bat,Kings XI Punjab,wickets,6,153,20,N,NA,S Ravi,C Shamshuddin
980921,2016 ***,Bangalore ***,2016-04-17,League,Q ***,REDACTED,Royal Challengers Bangalore,Delhi Daredevils,Delhi Daredevils,field,Delhi Daredevils,wickets,7,192,20,N,NA,VA Kulkarni,A Nand Kishore
980923,2016 ***,Hyderabad ***,2016-04-18,League,DA ***,REDACTED, Uppal",Sunrisers Hyderabad,Mumbai Indians,Sunrisers Hyderabad,field,Sunrisers Hyderabad,wickets,7,143,20,N,NA,HDPK Dharmasena,VK Sharma
980925,2016 ***,Chandigarh ***,2016-04-19,League,RV ***,REDACTED, Mohali",Kings XI Punjab,Kolkata Knight Riders,Kolkata Knight Riders,field,Kolkata Knight Riders,wickets,6,139,20,N,NA,S Ravi,C Shamshuddin
980927,2016 ***,Mumbai ***,2016-04-20,League,RG ***,REDACTED,Mumbai Indians,Royal Challengers Bangalore,Mumbai Indians,field,Mumbai Indians,wickets,6,171,20,N,NA,AK Chaudhary,CK Nandan
980929,2016 ***,Rajkot ***,2016-04-21,League,B ***,REDACTED,Gujarat Lions,Sunrisers Hyderabad,Sunrisers Hyderabad,field,Sunrisers Hyderabad,wickets,10,136,20,N,NA,K Bharatan,HDPK Dharmasena
980931,2016 ***,Pune ***,2016-04-22,League,AB ***,REDACTED,Rising Pune Supergiants,Royal Challengers Bangalore,Rising Pune Supergiants,field,Royal Challengers Bangalore,runs,13,186,20,N,NA,CB Gaffaney,VK Sharma
980933,2016 ***,Delhi ***,2016-04-23,League,SV ***,REDACTED,Delhi Daredevils,Mumbai Indians,Mumbai Indians,field,Delhi Daredevils,runs,10,165,20,N,NA,S Ravi,C Shamshuddin
980935,2016 ***,Hyderabad ***,2016-04-23,League,Mustafizur ***,REDACTED, Uppal",Sunrisers Hyderabad,Kings XI Punjab,Sunrisers Hyderabad,field,Sunrisers Hyderabad,wickets,5,144,20,N,NA,AK Chaudhary,CK Nandan
980937,2016 ***,Rajkot ***,2016-04-24,League,V ***,REDACTED,Gujarat Lions,Royal Challengers Bangalore,Royal Challengers Bangalore,bat,Gujarat Lions,wickets,6,181,20,N,NA,K Bharatan,BNJ Oxenford
980939,2016 ***,Pune ***,2016-04-24,League,SA ***,REDACTED,Rising Pune Supergiants,Kolkata Knight Riders,Kolkata Knight Riders,field,Kolkata Knight Riders,wickets,2,161,20,N,NA,CB Gaffaney,A Nand Kishore
980941,2016 ***,Chandigarh ***,2016-04-25,League,PA ***,REDACTED, Mohali",Kings XI Punjab,Mumbai Indians,Kings XI Punjab,field,Mumbai Indians,runs,25,190,20,N,NA,Nitin Menon,RJ Tucker
980943,2016 ***,Hyderabad ***,2016-04-26,League,AB ***,REDACTED, Uppal",Sunrisers Hyderabad,Rising Pune Supergiants,Rising Pune Supergiants,field,Rising Pune Supergiants,runs,34,61,11,N,D/L,AY Dandekar,CK Nandan
980945,2016 ***,Delhi ***,2016-04-27,League,CH ***,REDACTED,Delhi Daredevils,Gujarat Lions,Delhi Daredevils,field,Gujarat Lions,runs,1,173,20,N,NA,M Erasmus,S Ravi
980947,2016 ***,Mumbai ***,2016-04-28,League,RG ***,REDACTED,Mumbai Indians,Kolkata Knight Riders,Mumbai Indians,field,Mumbai Indians,wickets,6,175,20,N,NA,Nitin Menon,RJ Tucker
980949,2016 ***,Pune ***,2016-04-29,League,DR ***,REDACTED,Rising Pune Supergiants,Gujarat Lions,Gujarat Lions,field,Gujarat Lions,wickets,3,196,20,N,NA,CB Gaffaney,BNJ Oxenford
980951,2016 ***,Delhi ***,2016-04-30,League,CR ***,REDACTED,Delhi Daredevils,Kolkata Knight Riders,Kolkata Knight Riders,field,Delhi Daredevils,runs,27,187,20,N,NA,KN Ananthapadmanabhan,M Erasmus
980953,2016 ***,Hyderabad ***,2016-04-30,League,DA ***,REDACTED, Uppal",Sunrisers Hyderabad,Royal Challengers Bangalore,Royal Challengers Bangalore,field,Sunrisers Hyderabad,runs,15,195,20,N,NA,AK Chaudhary,HDPK Dharmasena
980955,2016 ***,Rajkot ***,2016-05-01,League,AR ***,REDACTED,Gujarat Lions,Kings XI Punjab,Gujarat Lions,field,Kings XI Punjab,runs,23,155,20,N,NA,BNJ Oxenford,VK Sharma
980957,2016 ***,Pune ***,2016-05-01,League,RG ***,REDACTED,Rising Pune Supergiants,Mumbai Indians,Mumbai Indians,field,Mumbai Indians,wickets,8,160,20,N,NA,AY Dandekar,RJ Tucker
980959,2016 ***,Bangalore ***,2016-05-02,League,AD ***,REDACTED,Royal Challengers Bangalore,Kolkata Knight Riders,Kolkata Knight Riders,field,Kolkata Knight Riders,wickets,5,186,20,N,NA,M Erasmus,S Ravi
980961,2016 ***,Rajkot ***,2016-05-03,League,RR ***,REDACTED,Gujarat Lions,Delhi Daredevils,Delhi Daredevils,field,Delhi Daredevils,wickets,8,150,20,N,NA,CB Gaffaney,BNJ Oxenford
980963,2016 ***,Kolkata ***,2016-05-04,League,AD ***,REDACTED,Kolkata Knight Riders,Kings XI Punjab,Kings XI Punjab,field,Kolkata Knight Riders,runs,7,165,20,N,NA,AK Chaudhary,HDPK Dharmasena
980965,2016 ***,Delhi ***,2016-05-05,League,AM ***,REDACTED,Delhi Daredevils,Rising Pune Supergiants,Rising Pune Supergiants,field,Rising Pune Supergiants,wickets,7,163,20,N,NA,C Shamshuddin,RJ Tucker
980967,2016 ***,Hyderabad ***,2016-05-06,League,B ***,REDACTED, Uppal",Sunrisers Hyderabad,Gujarat Lions,Sunrisers Hyderabad,field,Sunrisers Hyderabad,wickets,5,127,20,N,NA,M Erasmus,S Ravi
980969,2016 ***,Bangalore ***,2016-05-07,League,V ***,REDACTED,Royal Challengers Bangalore,Rising Pune Supergiants,Royal Challengers Bangalore,field,Royal Challengers Bangalore,wickets,7,192,20,N,NA,CB Gaffaney,BNJ Oxenford
980971,2016 ***,Chandigarh ***,2016-05-07,League,MP ***,REDACTED, Mohali",Kings XI Punjab,Delhi Daredevils,Delhi Daredevils,field,Kings XI Punjab,runs,9,182,20,N,NA,HDPK Dharmasena,CK Nandan
980973,2016 ***,Visakhapatnam ***,2016-05-08,League,A ***,REDACTED,Mumbai Indians,Sunrisers Hyderabad,Mumbai Indians,field,Sunrisers Hyderabad,runs,85,178,20,N,NA,S Ravi,C Shamshuddin
980975,2016 ***,Kolkata ***,2016-05-08,League,P ***,REDACTED,Kolkata Knight Riders,Gujarat Lions,Gujarat Lions,field,Gujarat Lions,wickets,5,159,20,N,NA,M Erasmus,RJ Tucker
980977,2016 ***,Chandigarh ***,2016-05-09,League,SR ***,REDACTED, Mohali",Kings XI Punjab,Royal Challengers Bangalore,Kings XI Punjab,field,Royal Challengers Bangalore,runs,1,176,20,N,NA,AK Chaudhary,HDPK Dharmasena
980979,2016 ***,Visakhapatnam ***,2016-05-10,League,A ***,REDACTED,Rising Pune Supergiants,Sunrisers Hyderabad,Sunrisers Hyderabad,bat,Sunrisers Hyderabad,runs,4,138,20,N,NA,CB Gaffaney,VK Sharma
980981,2016 ***,Bangalore ***,2016-05-11,League,KH ***,REDACTED,Royal Challengers Bangalore,Mumbai Indians,Mumbai Indians,field,Mumbai Indians,wickets,6,152,20,N,NA,AY Dandekar,C Shamshuddin
980983,2016 ***,Hyderabad ***,2016-05-12,League,CH ***,REDACTED, Uppal",Sunrisers Hyderabad,Delhi Daredevils,Delhi Daredevils,field,Delhi Daredevils,wickets,7,147,20,N,NA,K Bharatan,M Erasmus
980985,2016 ***,Visakhapatnam ***,2016-05-13,League,MP ***,REDACTED,Mumbai Indians,Kings XI Punjab,Mumbai Indians,bat,Kings XI Punjab,wickets,7,125,20,N,NA,HDPK Dharmasena,CK Nandan
980987,2016 ***,Bangalore ***,2016-05-14,League,AB ***,REDACTED,Royal Challengers Bangalore,Gujarat Lions,Gujarat Lions,field,Royal Challengers Bangalore,runs,144,249,20,N,NA,AY Dandekar,VK Sharma
980989,2016 ***,Kolkata ***,2016-05-14,League,YK ***,REDACTED,Kolkata Knight Riders,Rising Pune Supergiants,Rising Pune Supergiants,bat,Kolkata Knight Riders,wickets,8,66,9,N,D/L,A Nand Kishore,BNJ Oxenford
980991,2016 ***,Chandigarh ***,2016-05-15,League,HM ***,REDACTED, Mohali",Kings XI Punjab,Sunrisers Hyderabad,Kings XI Punjab,bat,Sunrisers Hyderabad,wickets,7,180,20,N,NA,KN Ananthapadmanabhan,M Erasmus
980993,2016 ***,Visakhapatnam ***,2016-05-15,League,KH ***,REDACTED,Mumbai Indians,Delhi Daredevils,Delhi Daredevils,field,Mumbai Indians,runs,80,207,20,N,NA,Nitin Menon,CK Nandan
980995,2016 ***,Kolkata ***,2016-05-16,League,V ***,REDACTED,Kolkata Knight Riders,Royal Challengers Bangalore,Royal Challengers Bangalore,field,Royal Challengers Bangalore,wickets,9,184,20,N,NA,CB Gaffaney,A Nand Kishore
980997,2016 ***,Visakhapatnam ***,2016-05-17,League,AB ***,REDACTED,Rising Pune Supergiants,Delhi Daredevils,Rising Pune Supergiants,field,Rising Pune Supergiants,runs,19,58,11,N,D/L,Nitin Menon,C Shamshuddin
980999,2016 ***,Bangalore ***,2016-05-18,League,V ***,REDACTED,Royal Challengers Bangalore,Kings XI Punjab,Kings XI Punjab,field,Royal Challengers Bangalore,runs,82,203,14,N,D/L,KN Ananthapadmanabhan,M Erasmus
981001,2016 ***,Kanpur ***,2016-05-19,League,DR ***,REDACTED,Gujarat Lions,Kolkata Knight Riders,Gujarat Lions,field,Gujarat Lions,wickets,6,125,20,N,NA,AK Chaudhary,CK Nandan
981003,2016 ***,Raipur ***,2016-05-20,League,KK ***,REDACTED,Delhi Daredevils,Sunrisers Hyderabad,Delhi Daredevils,field,Delhi Daredevils,wickets,6,159,20,N,NA,A Nand Kishore,BNJ Oxenford
981005,2016 ***,Visakhapatnam ***,2016-05-21,League,MS ***,REDACTED,Rising Pune Supergiants,Kings XI Punjab,Kings XI Punjab,bat,Rising Pune Supergiants,wickets,4,173,20,N,NA,HDPK Dharmasena,Nitin Menon
981007,2016 ***,Kanpur ***,2016-05-21,League,SK ***,REDACTED,Gujarat Lions,Mumbai Indians,Gujarat Lions,field,Gujarat Lions,wickets,6,173,20,N,NA,AK Chaudhary,CK Nandan
981009,2016 ***,Kolkata ***,2016-05-22,League,YK ***,REDACTED,Kolkata Knight Riders,Sunrisers Hyderabad,Sunrisers Hyderabad,field,Kolkata Knight Riders,runs,22,172,20,N,NA,KN Ananthapadmanabhan,M Erasmus
981011,2016 ***,Raipur ***,2016-05-22,League,V ***,REDACTED,Delhi Daredevils,Royal Challengers Bangalore,Royal Challengers Bangalore,field,Royal Challengers Bangalore,wickets,6,139,20,N,NA,A Nand Kishore,BNJ Oxenford
981013,2016 ***,Bangalore ***,2016-05-24,Qualifier 1,AB ***,REDACTED,Gujarat Lions,Royal Challengers Bangalore,Royal Challengers Bangalore,field,Royal Challengers Bangalore,wickets,4,159,20,N,NA,AK Chaudhary,HDPK Dharmasena
981015,2016 ***,Delhi ***,2016-05-25,Elimination Final,MC ***,REDACTED,Sunrisers Hyderabad,Kolkata Knight Riders,Kolkata Knight Riders,field,Sunrisers Hyderabad,runs,22,163,20,N,NA,M Erasmus,C Shamshuddin
981017,2016 ***,Delhi ***,2016-05-27,Qualifier 2,DA ***,REDACTED,Gujarat Lions,Sunrisers Hyderabad,Sunrisers Hyderabad,field,Sunrisers Hyderabad,wickets,4,163,20,N,NA,M Erasmus,CK Nandan
981019,2016 ***,Bangalore ***,2016-05-29,Final,BCJ ***,REDACTED,Royal Challengers Bangalore,Sunrisers Hyderabad,Sunrisers Hyderabad,bat,Sunrisers Hyderabad,runs,8,209,20,N,NA,HDPK Dharmasena,BNJ Oxenford
1082591,2017 ***,Hyderabad ***,2017-04-05,League,Yuvraj ***,REDACTED, Uppal",Sunrisers Hyderabad,Royal Challengers Bangalore,Royal Challengers Bangalore,field,Sunrisers Hyderabad,runs,35,208,20,N,NA,AY Dandekar,NJ Llong
1082592,2017 ***,Pune ***,2017-04-06,League,SPD ***,REDACTED,Rising Pune Supergiant,Mumbai Indians,Rising Pune Supergiant,field,Rising Pune Supergiant,wickets,7,185,20,N,NA,A Nand Kishore,S Ravi
1082593,2017 ***,Rajkot ***,2017-04-07,League,CA ***,REDACTED,Gujarat Lions,Kolkata Knight Riders,Kolkata Knight Riders,field,Kolkata Knight Riders,wickets,10,184,20,N,NA,Nitin Menon,CK Nandan
1082594,2017 ***,Indore ***,2017-04-08,League,GJ ***,REDACTED,Kings XI Punjab,Rising Pune Supergiant,Kings XI Punjab,field,Kings XI Punjab,wickets,6,164,20,N,NA,AK Chaudhary,C Shamshuddin
1082595,2017 ***,Bengaluru ***,2017-04-08,League,KM ***,REDACTED,Royal Challengers Bangalore,Delhi Daredevils,Royal Challengers Bangalore,bat,Royal Challengers Bangalore,runs,15,158,20,N,NA,S Ravi,VK Sharma
1082596,2017 ***,Hyderabad ***,2017-04-09,League,Rashid ***,REDACTED, Uppal",Sunrisers Hyderabad,Gujarat Lions,Sunrisers Hyderabad,field,Sunrisers Hyderabad,wickets,9,136,20,N,NA,A Deshmukh,NJ Llong
1082597,2017 ***,Mumbai ***,2017-04-09,League,N ***,REDACTED,Mumbai Indians,Kolkata Knight Riders,Mumbai Indians,field,Mumbai Indians,wickets,4,179,20,N,NA,Nitin Menon,CK Nandan
1082598,2017 ***,Indore ***,2017-04-10,League,AR ***,REDACTED,Kings XI Punjab,Royal Challengers Bangalore,Royal Challengers Bangalore,bat,Kings XI Punjab,wickets,8,149,20,N,NA,AK Chaudhary,C Shamshuddin
1082599,2017 ***,Pune ***,2017-04-11,League,SV ***,REDACTED,Rising Pune Supergiant,Delhi Daredevils,Rising Pune Supergiant,field,Delhi Daredevils,runs,97,206,20,N,NA,AY Dandekar,S Ravi
1082600,2017 ***,Mumbai ***,2017-04-12,League,JJ ***,REDACTED,Mumbai Indians,Sunrisers Hyderabad,Mumbai Indians,field,Mumbai Indians,wickets,4,159,20,N,NA,Nitin Menon,CK Nandan
1082601,2017 ***,Kolkata ***,2017-04-13,League,SP ***,REDACTED,Kolkata Knight Riders,Kings XI Punjab,Kolkata Knight Riders,field,Kolkata Knight Riders,wickets,8,171,20,N,NA,A Deshmukh,NJ Llong
1082602,2017 ***,Bangalore ***,2017-04-14,League,KA ***,REDACTED,Royal Challengers Bangalore,Mumbai Indians,Mumbai Indians,field,Mumbai Indians,wickets,4,143,20,N,NA,KN Ananthapadmanabhan,AK Chaudhary
1082603,2017 ***,Rajkot ***,2017-04-14,League,AJ ***,REDACTED,Gujarat Lions,Rising Pune Supergiant,Gujarat Lions,field,Gujarat Lions,wickets,7,172,20,N,NA,A Nand Kishore,S Ravi
1082604,2017 ***,Kolkata ***,2017-04-15,League,RV ***,REDACTED,Kolkata Knight Riders,Sunrisers Hyderabad,Sunrisers Hyderabad,field,Kolkata Knight Riders,runs,17,173,20,N,NA,AY Dandekar,NJ Llong
1082605,2017 ***,Delhi ***,2017-04-15,League,CJ ***,REDACTED,Delhi Daredevils,Kings XI Punjab,Delhi Daredevils,bat,Delhi Daredevils,runs,51,189,20,N,NA,YC Barde,Nitin Menon
1082606,2017 ***,Mumbai ***,2017-04-16,League,N ***,REDACTED,Mumbai Indians,Gujarat Lions,Mumbai Indians,field,Mumbai Indians,wickets,6,177,20,N,NA,A Nand Kishore,S Ravi
1082607,2017 ***,Bangalore ***,2017-04-16,League,BA ***,REDACTED,Royal Challengers Bangalore,Rising Pune Supergiant,Royal Challengers Bangalore,field,Rising Pune Supergiant,runs,27,162,20,N,NA,KN Ananthapadmanabhan,C Shamshuddin
1082608,2017 ***,Delhi ***,2017-04-17,League,NM ***,REDACTED,Delhi Daredevils,Kolkata Knight Riders,Delhi Daredevils,bat,Kolkata Knight Riders,wickets,4,169,20,N,NA,Nitin Menon,CK Nandan
1082609,2017 ***,Hyderabad ***,2017-04-17,League,B ***,REDACTED, Uppal",Sunrisers Hyderabad,Kings XI Punjab,Kings XI Punjab,field,Sunrisers Hyderabad,runs,5,160,20,N,NA,AY Dandekar,A Deshmukh
1082610,2017 ***,Rajkot ***,2017-04-18,League,CH ***,REDACTED,Gujarat Lions,Royal Challengers Bangalore,Gujarat Lions,field,Royal Challengers Bangalore,runs,21,214,20,N,NA,S Ravi,VK Sharma
1082611,2017 ***,Hyderabad ***,2017-04-19,League,KS ***,REDACTED, Uppal",Sunrisers Hyderabad,Delhi Daredevils,Sunrisers Hyderabad,bat,Sunrisers Hyderabad,runs,15,192,20,N,NA,CB Gaffaney,NJ Llong
1082612,2017 ***,Indore ***,2017-04-20,League,JC ***,REDACTED,Kings XI Punjab,Mumbai Indians,Mumbai Indians,field,Mumbai Indians,wickets,8,199,20,N,NA,M Erasmus,C Shamshuddin
1082613,2017 ***,Kolkata ***,2017-04-21,League,SK ***,REDACTED,Kolkata Knight Riders,Gujarat Lions,Gujarat Lions,field,Gujarat Lions,wickets,4,188,20,N,NA,CB Gaffaney,Nitin Menon
1082614,2017 ***,Mumbai ***,2017-04-22,League,MJ ***,REDACTED,Mumbai Indians,Delhi Daredevils,Delhi Daredevils,field,Mumbai Indians,runs,14,143,20,N,NA,A Nand Kishore,S Ravi
1082615,2017 ***,Pune ***,2017-04-22,League,MS ***,REDACTED,Rising Pune Supergiant,Sunrisers Hyderabad,Rising Pune Supergiant,field,Rising Pune Supergiant,wickets,6,177,20,N,NA,AY Dandekar,A Deshmukh
1082616,2017 ***,Rajkot ***,2017-04-23,League,HM ***,REDACTED,Gujarat Lions,Kings XI Punjab,Gujarat Lions,field,Kings XI Punjab,runs,26,189,20,N,NA,AK Chaudhary,M Erasmus
1082617,2017 ***,Kolkata ***,2017-04-23,League,NM ***,REDACTED,Kolkata Knight Riders,Royal Challengers Bangalore,Royal Challengers Bangalore,field,Kolkata Knight Riders,runs,82,132,20,N,NA,CB Gaffaney,CK Nandan
1082618,2017 ***,Mumbai ***,2017-04-24,League,BA ***,REDACTED,Mumbai Indians,Rising Pune Supergiant,Mumbai Indians,field,Rising Pune Supergiant,runs,3,161,20,N,NA,A Nand Kishore,S Ravi
1082620,2017 ***,Pune ***,2017-04-26,League,RV ***,REDACTED,Rising Pune Supergiant,Kolkata Knight Riders,Kolkata Knight Riders,field,Kolkata Knight Riders,wickets,7,183,20,N,NA,AY Dandekar,NJ Llong
1082621,2017 ***,Bangalore ***,2017-04-27,League,AJ ***,REDACTED,Royal Challengers Bangalore,Gujarat Lions,Gujarat Lions,field,Gujarat Lions,wickets,7,135,20,N,NA,AK Chaudhary,C Shamshuddin
1082622,2017 ***,Kolkata ***,2017-04-28,League,G ***,REDACTED,Kolkata Knight Riders,Delhi Daredevils,Kolkata Knight Riders,field,Kolkata Knight Riders,wickets,7,161,20,N,NA,NJ Llong,S Ravi
1082623,2017 ***,Chandigarh ***,2017-04-28,League,Rashid ***,REDACTED, Mohali",Kings XI Punjab,Sunrisers Hyderabad,Kings XI Punjab,field,Sunrisers Hyderabad,runs,26,208,20,N,NA,Nitin Menon,CK Nandan
1082624,2017 ***,Pune ***,2017-04-29,League,LH ***,REDACTED,Rising Pune Supergiant,Royal Challengers Bangalore,Royal Challengers Bangalore,field,Rising Pune Supergiant,runs,61,158,20,N,NA,KN Ananthapadmanabhan,M Erasmus
1082625,2017 ***,Rajkot ***,2017-04-29,League,KH ***,REDACTED,Gujarat Lions,Mumbai Indians,Gujarat Lions,bat,Mumbai Indians,tie,NA,154,20,Y,NA,AK Chaudhary,CB Gaffaney
1082626,2017 ***,Chandigarh ***,2017-04-30,League,Sandeep ***,REDACTED, Mohali",Kings XI Punjab,Delhi Daredevils,Kings XI Punjab,field,Kings XI Punjab,wickets,10,68,20,N,NA,YC Barde,CK Nandan
1082627,2017 ***,Hyderabad ***,2017-04-30,League,DA ***,REDACTED, Uppal",Sunrisers Hyderabad,Kolkata Knight Riders,Kolkata Knight Riders,field,Sunrisers Hyderabad,runs,48,210,20,N,NA,AY Dandekar,S Ravi
1082628,2017 ***,Mumbai ***,2017-05-01,League,RG ***,REDACTED,Mumbai Indians,Royal Challengers Bangalore,Royal Challengers Bangalore,bat,Mumbai Indians,wickets,5,163,20,N,NA,AK Chaudhary,CB Gaffaney
1082629,2017 ***,Pune ***,2017-05-01,League,BA ***,REDACTED,Rising Pune Supergiant,Gujarat Lions,Rising Pune Supergiant,field,Rising Pune Supergiant,wickets,5,162,20,N,NA,M Erasmus,C Shamshuddin
1082630,2017 ***,Delhi ***,2017-05-02,League,Mohammed ***,REDACTED,Delhi Daredevils,Sunrisers Hyderabad,Delhi Daredevils,field,Delhi Daredevils,wickets,6,186,20,N,NA,YC Barde,Nitin Menon
1082631,2017 ***,Kolkata ***,2017-05-03,League,RA ***,REDACTED,Kolkata Knight Riders,Rising Pune Supergiant,Rising Pune Supergiant,field,Rising Pune Supergiant,wickets,4,156,20,N,NA,KN Ananthapadmanabhan,A Nand Kishore
1082632,2017 ***,Delhi ***,2017-05-04,League,RR ***,REDACTED,Delhi Daredevils,Gujarat Lions,Delhi Daredevils,field,Delhi Daredevils,wickets,7,209,20,N,NA,M Erasmus,Nitin Menon
1082633,2017 ***,Bangalore ***,2017-05-05,League,Sandeep ***,REDACTED,Royal Challengers Bangalore,Kings XI Punjab,Royal Challengers Bangalore,field,Kings XI Punjab,runs,19,139,20,N,NA,CB Gaffaney,C Shamshuddin
1082634,2017 ***,Hyderabad ***,2017-05-06,League,JD ***,REDACTED, Uppal",Sunrisers Hyderabad,Rising Pune Supergiant,Sunrisers Hyderabad,field,Rising Pune Supergiant,runs,12,149,20,N,NA,KN Ananthapadmanabhan,AK Chaudhary
1082635,2017 ***,Delhi ***,2017-05-06,League,LMP ***,REDACTED,Delhi Daredevils,Mumbai Indians,Delhi Daredevils,field,Mumbai Indians,runs,146,213,20,N,NA,Nitin Menon,CK Nandan
1082636,2017 ***,Bangalore ***,2017-05-07,League,SP ***,REDACTED,Royal Challengers Bangalore,Kolkata Knight Riders,Kolkata Knight Riders,field,Kolkata Knight Riders,wickets,6,159,20,N,NA,AY Dandekar,C Shamshuddin
1082637,2017 ***,Chandigarh ***,2017-05-07,League,DR ***,REDACTED, Mohali",Kings XI Punjab,Gujarat Lions,Gujarat Lions,field,Gujarat Lions,wickets,6,190,20,N,NA,A Nand Kishore,VK Sharma
1082638,2017 ***,Hyderabad ***,2017-05-08,League,S ***,REDACTED, Uppal",Sunrisers Hyderabad,Mumbai Indians,Mumbai Indians,bat,Sunrisers Hyderabad,wickets,7,139,20,N,NA,KN Ananthapadmanabhan,M Erasmus
1082639,2017 ***,Chandigarh ***,2017-05-09,League,MM ***,REDACTED, Mohali",Kings XI Punjab,Kolkata Knight Riders,Kolkata Knight Riders,field,Kings XI Punjab,runs,14,168,20,N,NA,A Nand Kishore,S Ravi
1082640,2017 ***,Kanpur ***,2017-05-10,League,SS ***,REDACTED,Gujarat Lions,Delhi Daredevils,Delhi Daredevils,field,Delhi Daredevils,wickets,2,196,20,N,NA,YC Barde,AK Chaudhary
1082641,2017 ***,Mumbai ***,2017-05-11,League,WP ***,REDACTED,Mumbai Indians,Kings XI Punjab,Mumbai Indians,field,Kings XI Punjab,runs,7,231,20,N,NA,A Deshmukh,A Nand Kishore
1082642,2017 ***,Delhi ***,2017-05-12,League,KK ***,REDACTED,Delhi Daredevils,Rising Pune Supergiant,Delhi Daredevils,bat,Delhi Daredevils,runs,7,169,20,N,NA,KN Ananthapadmanabhan,CK Nandan
1082643,2017 ***,Kanpur ***,2017-05-13,League,Mohammed ***,REDACTED,Gujarat Lions,Sunrisers Hyderabad,Sunrisers Hyderabad,field,Sunrisers Hyderabad,wickets,8,155,20,N,NA,AK Chaudhary,Nitin Menon
1082644,2017 ***,Kolkata ***,2017-05-13,League,AT ***,REDACTED,Kolkata Knight Riders,Mumbai Indians,Kolkata Knight Riders,field,Mumbai Indians,runs,9,174,20,N,NA,A Nand Kishore,S Ravi
1082645,2017 ***,Pune ***,2017-05-14,League,JD ***,REDACTED,Rising Pune Supergiant,Kings XI Punjab,Rising Pune Supergiant,field,Rising Pune Supergiant,wickets,9,74,20,N,NA,AY Dandekar,A Deshmukh
1082646,2017 ***,Delhi ***,2017-05-14,League,HV ***,REDACTED,Delhi Daredevils,Royal Challengers Bangalore,Royal Challengers Bangalore,bat,Royal Challengers Bangalore,runs,10,162,20,N,NA,CK Nandan,C Shamshuddin
1082647,2017 ***,Mumbai ***,2017-05-16,Qualifier 1,Washington ***,REDACTED,Mumbai Indians,Rising Pune Supergiant,Mumbai Indians,field,Rising Pune Supergiant,runs,20,163,20,N,NA,S Ravi,C Shamshuddin
1082648,2017 ***,Bangalore ***,2017-05-17,Eliminator,NM ***,REDACTED,Sunrisers Hyderabad,Kolkata Knight Riders,Kolkata Knight Riders,field,Kolkata Knight Riders,wickets,7,48,6,N,D/L,AK Chaudhary,Nitin Menon
1082649,2017 ***,Bangalore ***,2017-05-19,Qualifier 2,KV ***,REDACTED,Mumbai Indians,Kolkata Knight Riders,Mumbai Indians,field,Mumbai Indians,wickets,6,108,20,N,NA,NJ Llong,Nitin Menon
1082650,2017 ***,Hyderabad ***,2017-05-21,Final,KH ***,REDACTED, Uppal",Mumbai Indians,Rising Pune Supergiant,Mumbai Indians,bat,Mumbai Indians,runs,1,130,20,N,NA,NJ Llong,S Ravi
1136561,2018 ***,Mumbai ***,2018-04-07,League,DJ ***,REDACTED,Mumbai Indians,Chennai Super Kings,Chennai Super Kings,field,Chennai Super Kings,wickets,1,166,20,N,NA,CB Gaffaney,A Nand Kishore
1136562,2018 ***,Chandigarh ***,2018-04-08,League,KL ***,REDACTED,Delhi Daredevils,Kings XI Punjab,Kings XI Punjab,field,Kings XI Punjab,wickets,6,167,20,N,NA,KN Ananthapadmanabhan,RJ Tucker
1136563,2018 ***,Kolkata ***,2018-04-08,League,SP ***,REDACTED,Royal Challengers Bangalore,Kolkata Knight Riders,Kolkata Knight Riders,field,Kolkata Knight Riders,wickets,4,177,20,N,NA,A Deshmukh,C Shamshuddin
1136564,2018 ***,Hyderabad ***,2018-04-09,League,S ***,REDACTED,Rajasthan Royals,Sunrisers Hyderabad,Sunrisers Hyderabad,field,Sunrisers Hyderabad,wickets,9,126,20,N,NA,NJ Llong,VA Kulkarni
1136565,2018 ***,Chennai ***,2018-04-10,League,SW ***,REDACTED,Kolkata Knight Riders,Chennai Super Kings,Chennai Super Kings,field,Chennai Super Kings,wickets,5,203,20,N,NA,AK Chaudhary,CB Gaffaney
1136566,2018 ***,Jaipur ***,2018-04-11,League,SV ***,REDACTED,Rajasthan Royals,Delhi Daredevils,Delhi Daredevils,field,Rajasthan Royals,runs,10,71,6,N,D/L,KN Ananthapadmanabhan,Nitin Menon
1136567,2018 ***,Hyderabad ***,2018-04-12,League,Rashid ***,REDACTED,Mumbai Indians,Sunrisers Hyderabad,Sunrisers Hyderabad,field,Sunrisers Hyderabad,wickets,1,148,20,N,NA,CK Nandan,NJ Llong
1136568,2018 ***,Bengaluru ***,2018-04-13,League,UT ***,REDACTED,Kings XI Punjab,Royal Challengers Bangalore,Royal Challengers Bangalore,field,Royal Challengers Bangalore,wickets,4,156,20,N,NA,A Deshmukh,S Ravi
1136569,2018 ***,Mumbai ***,2018-04-14,League,JJ ***,REDACTED,Mumbai Indians,Delhi Daredevils,Delhi Daredevils,field,Delhi Daredevils,wickets,7,195,20,N,NA,KN Ananthapadmanabhan,Nitin Menon
1136570,2018 ***,Kolkata ***,2018-04-14,League,B ***,REDACTED,Kolkata Knight Riders,Sunrisers Hyderabad,Sunrisers Hyderabad,field,Sunrisers Hyderabad,wickets,5,139,20,N,NA,AK Chaudhary,A Nand Kishore
1136571,2018 ***,Bengaluru ***,2018-04-15,League,SV ***,REDACTED,Rajasthan Royals,Royal Challengers Bangalore,Royal Challengers Bangalore,field,Rajasthan Royals,runs,19,218,20,N,NA,C Shamshuddin,S Ravi
1136572,2018 ***,Chandigarh ***,2018-04-15,League,CH ***,REDACTED,Kings XI Punjab,Chennai Super Kings,Chennai Super Kings,field,Kings XI Punjab,runs,4,198,20,N,NA,CK Nandan,VA Kulkarni
1136573,2018 ***,Kolkata ***,2018-04-16,League,N ***,REDACTED,Kolkata Knight Riders,Delhi Daredevils,Delhi Daredevils,field,Kolkata Knight Riders,runs,71,201,20,N,NA,AK Chaudhary,A Nand Kishore
1136574,2018 ***,Mumbai ***,2018-04-17,League,RG ***,REDACTED,Mumbai Indians,Royal Challengers Bangalore,Royal Challengers Bangalore,field,Mumbai Indians,runs,46,214,20,N,NA,Nitin Menon,RJ Tucker
1136575,2018 ***,Jaipur ***,2018-04-18,League,N ***,REDACTED,Rajasthan Royals,Kolkata Knight Riders,Kolkata Knight Riders,field,Kolkata Knight Riders,wickets,7,161,20,N,NA,A Deshmukh,S Ravi
1136576,2018 ***,Chandigarh ***,2018-04-19,League,CH ***,REDACTED,Kings XI Punjab,Sunrisers Hyderabad,Kings XI Punjab,bat,Kings XI Punjab,runs,15,194,20,N,NA,AK Chaudhary,NJ Llong
1136577,2018 ***,Pune ***,2018-04-20,League,SR ***,REDACTED,Chennai Super Kings,Rajasthan Royals,Rajasthan Royals,field,Chennai Super Kings,runs,64,205,20,N,NA,KN Ananthapadmanabhan,Nitin Menon
1136578,2018 ***,Kolkata ***,2018-04-21,League,KL ***,REDACTED,Kolkata Knight Riders,Kings XI Punjab,Kings XI Punjab,field,Kings XI Punjab,wickets,9,125,13,N,D/L,A Deshmukh,C Shamshuddin
1136579,2018 ***,Bengaluru ***,2018-04-21,League,AB ***,REDACTED,Delhi Daredevils,Royal Challengers Bangalore,Royal Challengers Bangalore,field,Royal Challengers Bangalore,wickets,6,175,20,N,NA,CB Gaffaney,CK Nandan
1136580,2018 ***,Hyderabad ***,2018-04-22,League,AT ***,REDACTED,Chennai Super Kings,Sunrisers Hyderabad,Sunrisers Hyderabad,field,Chennai Super Kings,runs,4,183,20,N,NA,AK Chaudhary,VA Kulkarni
1136581,2018 ***,Jaipur ***,2018-04-22,League,JC ***,REDACTED,Mumbai Indians,Rajasthan Royals,Mumbai Indians,bat,Rajasthan Royals,wickets,3,168,20,N,NA,KN Ananthapadmanabhan,RJ Tucker
1136582,2018 ***,Delhi ***,2018-04-23,League,AS ***,REDACTED,Kings XI Punjab,Delhi Daredevils,Delhi Daredevils,field,Kings XI Punjab,runs,4,144,20,N,NA,A Nand Kishore,CK Nandan
1136583,2018 ***,Mumbai ***,2018-04-24,League,Rashid ***,REDACTED,Sunrisers Hyderabad,Mumbai Indians,Mumbai Indians,field,Sunrisers Hyderabad,runs,31,119,20,N,NA,C Shamshuddin,S Ravi
1136584,2018 ***,Bengaluru ***,2018-04-25,League,MS ***,REDACTED,Royal Challengers Bangalore,Chennai Super Kings,Chennai Super Kings,field,Chennai Super Kings,wickets,5,206,20,N,NA,NJ Llong,VK Sharma
1136585,2018 ***,Hyderabad ***,2018-04-26,League,AS ***,REDACTED,Sunrisers Hyderabad,Kings XI Punjab,Kings XI Punjab,field,Sunrisers Hyderabad,runs,13,133,20,N,NA,CK Nandan,YC Barde
1136586,2018 ***,Delhi ***,2018-04-27,League,SS ***,REDACTED,Delhi Daredevils,Kolkata Knight Riders,Kolkata Knight Riders,field,Delhi Daredevils,runs,55,220,20,N,NA,C Shamshuddin,S Ravi
1136587,2018 ***,Pune ***,2018-04-28,League,RG ***,REDACTED,Chennai Super Kings,Mumbai Indians,Mumbai Indians,field,Mumbai Indians,wickets,8,170,20,N,NA,CB Gaffaney,Nitin Menon
1136588,2018 ***,Jaipur ***,2018-04-29,League,KS ***,REDACTED,Sunrisers Hyderabad,Rajasthan Royals,Sunrisers Hyderabad,bat,Sunrisers Hyderabad,runs,11,152,20,N,NA,BNJ Oxenford,A Nand Kishore
1136589,2018 ***,Bengaluru ***,2018-04-29,League,CA ***,REDACTED,Royal Challengers Bangalore,Kolkata Knight Riders,Kolkata Knight Riders,field,Kolkata Knight Riders,wickets,6,176,20,N,NA,AK Chaudhary,NJ Llong
1136590,2018 ***,Pune ***,2018-04-30,League,SR ***,REDACTED,Chennai Super Kings,Delhi Daredevils,Delhi Daredevils,field,Chennai Super Kings,runs,13,212,20,N,NA,AY Dandekar,C Shamshuddin
1136591,2018 ***,Bengaluru ***,2018-05-01,League,TG ***,REDACTED,Royal Challengers Bangalore,Mumbai Indians,Mumbai Indians,field,Royal Challengers Bangalore,runs,14,168,20,N,NA,M Erasmus,Nitin Menon
1136592,2018 ***,Delhi ***,2018-05-02,League,RR ***,REDACTED,Delhi Daredevils,Rajasthan Royals,Rajasthan Royals,field,Delhi Daredevils,runs,4,151,12,N,D/L,CK Nandan,VK Sharma
1136593,2018 ***,Kolkata ***,2018-05-03,League,SP ***,REDACTED,Chennai Super Kings,Kolkata Knight Riders,Kolkata Knight Riders,field,Kolkata Knight Riders,wickets,6,178,20,N,NA,A Deshmukh,HDPK Dharmasena
1136594,2018 ***,Indore ***,2018-05-04,League,SA ***,REDACTED,Kings XI Punjab,Mumbai Indians,Mumbai Indians,field,Mumbai Indians,wickets,6,175,20,N,NA,AY Dandekar,S Ravi
1136595,2018 ***,Pune ***,2018-05-05,League,RA ***,REDACTED,Royal Challengers Bangalore,Chennai Super Kings,Chennai Super Kings,field,Chennai Super Kings,wickets,6,128,20,N,NA,Nitin Menon,YC Barde
1136596,2018 ***,Hyderabad ***,2018-05-05,League,Rashid ***,REDACTED,Delhi Daredevils,Sunrisers Hyderabad,Delhi Daredevils,bat,Sunrisers Hyderabad,wickets,7,164,20,N,NA,BNJ Oxenford,CK Nandan
1136597,2018 ***,Mumbai ***,2018-05-06,League,HH ***,REDACTED,Mumbai Indians,Kolkata Knight Riders,Kolkata Knight Riders,field,Mumbai Indians,runs,13,182,20,N,NA,A Deshmukh,HDPK Dharmasena
1136598,2018 ***,Indore ***,2018-05-06,League,Mujeeb ***,REDACTED,Rajasthan Royals,Kings XI Punjab,Kings XI Punjab,field,Kings XI Punjab,wickets,6,153,20,N,NA,C Shamshuddin,S Ravi
1136599,2018 ***,Hyderabad ***,2018-05-07,League,KS ***,REDACTED,Sunrisers Hyderabad,Royal Challengers Bangalore,Royal Challengers Bangalore,field,Sunrisers Hyderabad,runs,5,147,20,N,NA,BNJ Oxenford,VK Sharma
1136600,2018 ***,Jaipur ***,2018-05-08,League,JC ***,REDACTED,Rajasthan Royals,Kings XI Punjab,Rajasthan Royals,bat,Rajasthan Royals,runs,15,159,20,N,NA,M Erasmus,Nitin Menon
1136601,2018 ***,Kolkata ***,2018-05-09,League,Ishan ***,REDACTED,Mumbai Indians,Kolkata Knight Riders,Kolkata Knight Riders,field,Mumbai Indians,runs,102,211,20,N,NA,KN Ananthapadmanabhan,AK Chaudhary
1136602,2018 ***,Delhi ***,2018-05-10,League,S ***,REDACTED,Delhi Daredevils,Sunrisers Hyderabad,Delhi Daredevils,bat,Sunrisers Hyderabad,wickets,9,188,20,N,NA,AY Dandekar,C Shamshuddin
1136603,2018 ***,Jaipur ***,2018-05-11,League,JC ***,REDACTED,Chennai Super Kings,Rajasthan Royals,Chennai Super Kings,bat,Rajasthan Royals,wickets,4,177,20,N,NA,M Erasmus,YC Barde
1136604,2018 ***,Indore ***,2018-05-12,League,SP ***,REDACTED,Kolkata Knight Riders,Kings XI Punjab,Kings XI Punjab,field,Kolkata Knight Riders,runs,31,246,20,N,NA,CK Nandan,VK Sharma
1136605,2018 ***,Delhi ***,2018-05-12,League,AB ***,REDACTED,Delhi Daredevils,Royal Challengers Bangalore,Royal Challengers Bangalore,field,Royal Challengers Bangalore,wickets,5,182,20,N,NA,KN Ananthapadmanabhan,HDPK Dharmasena
1136606,2018 ***,Pune ***,2018-05-13,League,AT ***,REDACTED,Sunrisers Hyderabad,Chennai Super Kings,Chennai Super Kings,field,Chennai Super Kings,wickets,8,180,20,N,NA,M Erasmus,YC Barde
1136607,2018 ***,Mumbai ***,2018-05-13,League,JC ***,REDACTED,Mumbai Indians,Rajasthan Royals,Rajasthan Royals,field,Rajasthan Royals,wickets,7,169,20,N,NA,Nitin Menon,S Ravi
1136608,2018 ***,Indore ***,2018-05-14,League,UT ***,REDACTED,Kings XI Punjab,Royal Challengers Bangalore,Royal Challengers Bangalore,field,Royal Challengers Bangalore,wickets,10,89,20,N,NA,BNJ Oxenford,VK Sharma
1136609,2018 ***,Kolkata ***,2018-05-15,League,Kuldeep ***,REDACTED,Rajasthan Royals,Kolkata Knight Riders,Kolkata Knight Riders,field,Kolkata Knight Riders,wickets,6,143,20,N,NA,AK Chaudhary,HDPK Dharmasena
1136610,2018 ***,Mumbai ***,2018-05-16,League,JJ ***,REDACTED,Mumbai Indians,Kings XI Punjab,Kings XI Punjab,field,Mumbai Indians,runs,3,187,20,N,NA,M Erasmus,Nitin Menon
1136611,2018 ***,Bengaluru ***,2018-05-17,League,AB ***,REDACTED,Royal Challengers Bangalore,Sunrisers Hyderabad,Sunrisers Hyderabad,field,Royal Challengers Bangalore,runs,14,219,20,N,NA,AY Dandekar,S Ravi
1136612,2018 ***,Delhi ***,2018-05-18,League,HV ***,REDACTED,Delhi Daredevils,Chennai Super Kings,Chennai Super Kings,field,Delhi Daredevils,runs,34,163,20,N,NA,HDPK Dharmasena,VA Kulkarni
1136613,2018 ***,Jaipur ***,2018-05-19,League,S ***,REDACTED,Rajasthan Royals,Royal Challengers Bangalore,Rajasthan Royals,bat,Rajasthan Royals,runs,30,165,20,N,NA,BNJ Oxenford,VK Sharma
1136614,2018 ***,Hyderabad ***,2018-05-19,League,CA ***,REDACTED,Sunrisers Hyderabad,Kolkata Knight Riders,Sunrisers Hyderabad,bat,Kolkata Knight Riders,wickets,5,173,20,N,NA,AK Chaudhary,S Ravi
1136615,2018 ***,Delhi ***,2018-05-20,League,A ***,REDACTED,Delhi Daredevils,Mumbai Indians,Delhi Daredevils,bat,Delhi Daredevils,runs,11,175,20,N,NA,HDPK Dharmasena,CK Nandan
1136616,2018 ***,Pune ***,2018-05-20,League,L ***,REDACTED,Kings XI Punjab,Chennai Super Kings,Chennai Super Kings,field,Chennai Super Kings,wickets,5,154,20,N,NA,Nitin Menon,YC Barde
1136617,2018 ***,Mumbai ***,2018-05-22,Qualifier 1,F ***,REDACTED,Sunrisers Hyderabad,Chennai Super Kings,Chennai Super Kings,field,Chennai Super Kings,wickets,2,140,20,N,NA,C Shamshuddin,M Erasmus
1136618,2018 ***,Kolkata ***,2018-05-23,Eliminator,AD ***,REDACTED,Kolkata Knight Riders,Rajasthan Royals,Rajasthan Royals,field,Kolkata Knight Riders,runs,25,170,20,N,NA,AK Chaudhary,Nitin Menon
1136619,2018 ***,Kolkata ***,2018-05-25,Qualifier 2,Rashid ***,REDACTED,Sunrisers Hyderabad,Kolkata Knight Riders,Kolkata Knight Riders,field,Sunrisers Hyderabad,runs,14,175,20,N,NA,HDPK Dharmasena,Nitin Menon
1136620,2018 ***,Mumbai ***,2018-05-27,Final,SR ***,REDACTED,Sunrisers Hyderabad,Chennai Super Kings,Chennai Super Kings,field,Chennai Super Kings,wickets,8,179,20,N,NA,M Erasmus,S Ravi
1175356,2019 ***,Chennai ***,2019-03-23,League,Harbhajan ***,REDACTED,Royal Challengers Bangalore,Chennai Super Kings,Chennai Super Kings,field,Chennai Super Kings,wickets,7,71,20,N,NA,AY Dandekar,BNJ Oxenford
1175357,2019 ***,Kolkata ***,2019-03-24,League,AD ***,REDACTED,Sunrisers Hyderabad,Kolkata Knight Riders,Kolkata Knight Riders,field,Kolkata Knight Riders,wickets,6,182,20,N,NA,AK Chaudhary,CB Gaffaney
1175358,2019 ***,Mumbai ***,2019-03-24,League,RR ***,REDACTED,Delhi Capitals,Mumbai Indians,Mumbai Indians,field,Delhi Capitals,runs,37,214,20,N,NA,S Ravi,YC Barde
1175359,2019 ***,Jaipur ***,2019-03-25,League,CH ***,REDACTED,Kings XI Punjab,Rajasthan Royals,Rajasthan Royals,field,Kings XI Punjab,runs,14,185,20,N,NA,C Shamshuddin,KN Ananthapadmanabhan
1175360,2019 ***,Delhi ***,2019-03-26,League,SR ***,REDACTED,Delhi Capitals,Chennai Super Kings,Delhi Capitals,bat,Chennai Super Kings,wickets,6,148,20,N,NA,M Erasmus,Nitin Menon
1175361,2019 ***,Kolkata ***,2019-03-27,League,AD ***,REDACTED,Kolkata Knight Riders,Kings XI Punjab,Kings XI Punjab,field,Kolkata Knight Riders,runs,28,219,20,N,NA,AK Chaudhary,VA Kulkarni
1175362,2019 ***,Bengaluru ***,2019-03-28,League,JJ ***,REDACTED,Mumbai Indians,Royal Challengers Bangalore,Royal Challengers Bangalore,field,Mumbai Indians,runs,6,188,20,N,NA,CK Nandan,S Ravi
1175363,2019 ***,Hyderabad ***,2019-03-29,League,Rashid ***,REDACTED,Rajasthan Royals,Sunrisers Hyderabad,Rajasthan Royals,bat,Sunrisers Hyderabad,wickets,5,199,20,N,NA,BNJ Oxenford,C Shamshuddin
1175364,2019 ***,Chandigarh ***,2019-03-30,League,MA ***,REDACTED,Mumbai Indians,Kings XI Punjab,Kings XI Punjab,field,Kings XI Punjab,wickets,8,177,20,N,NA,CB Gaffaney,VA Kulkarni
1175365,2019 ***,Delhi ***,2019-03-30,League,PP ***,REDACTED,Kolkata Knight Riders,Delhi Capitals,Delhi Capitals,field,Delhi Capitals,tie,NA,186,20,Y,NA,AY Dandekar,Nitin Menon
1175366,2019 ***,Hyderabad ***,2019-03-31,League,JM ***,REDACTED,Sunrisers Hyderabad,Royal Challengers Bangalore,Royal Challengers Bangalore,field,Sunrisers Hyderabad,runs,118,232,20,N,NA,KN Ananthapadmanabhan,S Ravi
1175367,2019 ***,Chennai ***,2019-03-31,League,MS ***,REDACTED,Chennai Super Kings,Rajasthan Royals,Rajasthan Royals,field,Chennai Super Kings,runs,8,176,20,N,NA,CK Nandan,YC Barde
1175368,2019 ***,Chandigarh ***,2019-04-01,League,SM ***,REDACTED,Kings XI Punjab,Delhi Capitals,Delhi Capitals,field,Kings XI Punjab,runs,14,167,20,N,NA,AK Chaudhary,CB Gaffaney
1175369,2019 ***,Jaipur ***,2019-04-02,League,S ***,REDACTED,Royal Challengers Bangalore,Rajasthan Royals,Rajasthan Royals,field,Rajasthan Royals,wickets,7,159,20,N,NA,AY Dandekar,M Erasmus
1175370,2019 ***,Mumbai ***,2019-04-03,League,HH ***,REDACTED,Mumbai Indians,Chennai Super Kings,Chennai Super Kings,field,Mumbai Indians,runs,37,171,20,N,NA,BNJ Oxenford,RJ Tucker
1175371,2019 ***,Delhi ***,2019-04-04,League,JM ***,REDACTED,Delhi Capitals,Sunrisers Hyderabad,Sunrisers Hyderabad,field,Sunrisers Hyderabad,wickets,5,130,20,N,NA,C Shamshuddin,KN Ananthapadmanabhan
1175372,2019 ***,Bengaluru ***,2019-04-05,League,AD ***,REDACTED,Royal Challengers Bangalore,Kolkata Knight Riders,Kolkata Knight Riders,field,Kolkata Knight Riders,wickets,5,206,20,N,NA,AK Chaudhary,CB Gaffaney
1178393,2019 ***,Chennai ***,2019-04-06,League,Harbhajan ***,REDACTED,Chennai Super Kings,Kings XI Punjab,Chennai Super Kings,bat,Chennai Super Kings,runs,22,161,20,N,NA,KN Ananthapadmanabhan,RJ Tucker
1178394,2019 ***,Hyderabad ***,2019-04-06,League,AS ***,REDACTED,Mumbai Indians,Sunrisers Hyderabad,Sunrisers Hyderabad,field,Mumbai Indians,runs,40,137,20,N,NA,AY Dandekar,Nitin Menon
1178395,2019 ***,Bengaluru ***,2019-04-07,League,K ***,REDACTED,Royal Challengers Bangalore,Delhi Capitals,Delhi Capitals,field,Delhi Capitals,wickets,4,150,20,N,NA,S Ravi,YC Barde
1178396,2019 ***,Jaipur ***,2019-04-07,League,HF ***,REDACTED,Rajasthan Royals,Kolkata Knight Riders,Kolkata Knight Riders,field,Kolkata Knight Riders,wickets,8,140,20,N,NA,AK Chaudhary,CB Gaffaney
1178397,2019 ***,Chandigarh ***,2019-04-08,League,KL ***,REDACTED,Sunrisers Hyderabad,Kings XI Punjab,Kings XI Punjab,field,Kings XI Punjab,wickets,6,151,20,N,NA,AY Dandekar,M Erasmus
1178398,2019 ***,Chennai ***,2019-04-09,League,DL ***,REDACTED,Kolkata Knight Riders,Chennai Super Kings,Chennai Super Kings,field,Chennai Super Kings,wickets,7,109,20,N,NA,C Shamshuddin,RJ Tucker
1178399,2019 ***,Mumbai ***,2019-04-10,League,KA ***,REDACTED,Kings XI Punjab,Mumbai Indians,Mumbai Indians,field,Mumbai Indians,wickets,3,198,20,N,NA,S Ravi,YC Barde
1178400,2019 ***,Jaipur ***,2019-04-11,League,MS ***,REDACTED,Rajasthan Royals,Chennai Super Kings,Chennai Super Kings,field,Chennai Super Kings,wickets,4,152,20,N,NA,BNJ Oxenford,UV Gandhe
1178401,2019 ***,Kolkata ***,2019-04-12,League,S ***,REDACTED,Kolkata Knight Riders,Delhi Capitals,Delhi Capitals,field,Delhi Capitals,wickets,7,179,20,N,NA,CK Nandan,YC Barde
1178402,2019 ***,Mumbai ***,2019-04-13,League,JC ***,REDACTED,Mumbai Indians,Rajasthan Royals,Rajasthan Royals,field,Rajasthan Royals,wickets,4,188,20,N,NA,A Nand Kishore,Nitin Menon
1178403,2019 ***,Chandigarh ***,2019-04-13,League,AB ***,REDACTED,Kings XI Punjab,Royal Challengers Bangalore,Royal Challengers Bangalore,field,Royal Challengers Bangalore,wickets,8,174,20,N,NA,S Ravi,UV Gandhe
1178404,2019 ***,Kolkata ***,2019-04-14,League,Imran ***,REDACTED,Kolkata Knight Riders,Chennai Super Kings,Chennai Super Kings,field,Chennai Super Kings,wickets,5,162,20,N,NA,CK Nandan,RJ Tucker
1178405,2019 ***,Hyderabad ***,2019-04-14,League,KMA ***,REDACTED,Delhi Capitals,Sunrisers Hyderabad,Sunrisers Hyderabad,field,Delhi Capitals,runs,39,156,20,N,NA,AK Chaudhary,BNJ Oxenford
1178406,2019 ***,Mumbai ***,2019-04-15,League,SL ***,REDACTED,Royal Challengers Bangalore,Mumbai Indians,Mumbai Indians,field,Mumbai Indians,wickets,5,172,20,N,NA,M Erasmus,Nitin Menon
1178407,2019 ***,Chandigarh ***,2019-04-16,League,R ***,REDACTED,Kings XI Punjab,Rajasthan Royals,Rajasthan Royals,field,Kings XI Punjab,runs,12,183,20,N,NA,AK Chaudhary,VA Kulkarni
1178408,2019 ***,Hyderabad ***,2019-04-17,League,DA ***,REDACTED,Chennai Super Kings,Sunrisers Hyderabad,Chennai Super Kings,bat,Sunrisers Hyderabad,wickets,6,133,20,N,NA,IJ Gould,UV Gandhe
1178409,2019 ***,Delhi ***,2019-04-18,League,HH ***,REDACTED,Mumbai Indians,Delhi Capitals,Mumbai Indians,bat,Mumbai Indians,runs,40,169,20,N,NA,BNJ Oxenford,NJ Llong
1178410,2019 ***,Kolkata ***,2019-04-19,League,V ***,REDACTED,Royal Challengers Bangalore,Kolkata Knight Riders,Kolkata Knight Riders,field,Royal Challengers Bangalore,runs,10,214,20,N,NA,IJ Gould,Nitin Menon
1178411,2019 ***,Jaipur ***,2019-04-20,League,SPD ***,REDACTED,Mumbai Indians,Rajasthan Royals,Rajasthan Royals,field,Rajasthan Royals,wickets,5,162,20,N,NA,S Ravi,YC Barde
1178412,2019 ***,Delhi ***,2019-04-20,League,SS ***,REDACTED,Kings XI Punjab,Delhi Capitals,Delhi Capitals,field,Delhi Capitals,wickets,5,164,20,N,NA,C Shamshuddin,UV Gandhe
1178413,2019 ***,Hyderabad ***,2019-04-21,League,KK ***,REDACTED,Kolkata Knight Riders,Sunrisers Hyderabad,Sunrisers Hyderabad,field,Sunrisers Hyderabad,wickets,9,160,20,N,NA,NJ Llong,Nitin Menon
1178414,2019 ***,Bengaluru ***,2019-04-21,League,PA ***,REDACTED,Royal Challengers Bangalore,Chennai Super Kings,Chennai Super Kings,field,Royal Challengers Bangalore,runs,1,162,20,N,NA,RJ Tucker,VA Kulkarni
1178415,2019 ***,Jaipur ***,2019-04-22,League,RR ***,REDACTED,Rajasthan Royals,Delhi Capitals,Delhi Capitals,field,Delhi Capitals,wickets,6,192,20,N,NA,A Nand Kishore,S Ravi
1178416,2019 ***,Chennai ***,2019-04-23,League,SR ***,REDACTED,Sunrisers Hyderabad,Chennai Super Kings,Chennai Super Kings,field,Chennai Super Kings,wickets,6,176,20,N,NA,AK Chaudhary,NJ Llong
1178417,2019 ***,Bengaluru ***,2019-04-24,League,AB ***,REDACTED,Royal Challengers Bangalore,Kings XI Punjab,Kings XI Punjab,field,Royal Challengers Bangalore,runs,17,203,20,N,NA,BNJ Oxenford,C Shamshuddin
1178418,2019 ***,Kolkata ***,2019-04-25,League,VR ***,REDACTED,Kolkata Knight Riders,Rajasthan Royals,Rajasthan Royals,field,Rajasthan Royals,wickets,3,176,20,N,NA,AY Dandekar,IJ Gould
1178419,2019 ***,Chennai ***,2019-04-26,League,RG ***,REDACTED,Mumbai Indians,Chennai Super Kings,Chennai Super Kings,field,Mumbai Indians,runs,46,156,20,N,NA,AK Chaudhary,NJ Llong
1178420,2019 ***,Jaipur ***,2019-04-27,League,JD ***,REDACTED,Sunrisers Hyderabad,Rajasthan Royals,Rajasthan Royals,field,Rajasthan Royals,wickets,7,161,20,N,NA,A Nand Kishore,YC Barde
1178421,2019 ***,Delhi ***,2019-04-28,League,S ***,REDACTED,Delhi Capitals,Royal Challengers Bangalore,Delhi Capitals,bat,Delhi Capitals,runs,16,188,20,N,NA,BNJ Oxenford,KN Ananthapadmanabhan
1178422,2019 ***,Kolkata ***,2019-04-28,League,AD ***,REDACTED,Kolkata Knight Riders,Mumbai Indians,Mumbai Indians,field,Kolkata Knight Riders,runs,34,233,20,N,NA,IJ Gould,Nitin Menon
1178423,2019 ***,Hyderabad ***,2019-04-29,League,DA ***,REDACTED,Sunrisers Hyderabad,Kings XI Punjab,Kings XI Punjab,field,Sunrisers Hyderabad,runs,45,213,20,N,NA,CK Nandan,S Ravi
1178424,2019 ***,Bengaluru ***,2019-04-30,League,NA ***,REDACTED,Royal Challengers Bangalore,Rajasthan Royals,Rajasthan Royals,field,NA,no result,NA,63,5,N,NA,NJ Llong,UV Gandhe
1178425,2019 ***,Chennai ***,2019-05-01,League,MS ***,REDACTED,Chennai Super Kings,Delhi Capitals,Delhi Capitals,field,Chennai Super Kings,runs,80,180,20,N,NA,AY Dandekar,Nitin Menon
1178426,2019 ***,Mumbai ***,2019-05-02,League,JJ ***,REDACTED,Mumbai Indians,Sunrisers Hyderabad,Mumbai Indians,bat,Mumbai Indians,tie,NA,163,20,Y,NA,CK Nandan,S Ravi
1178427,2019 ***,Chandigarh ***,2019-05-03,League,Shubman ***,REDACTED,Kings XI Punjab,Kolkata Knight Riders,Kolkata Knight Riders,field,Kolkata Knight Riders,wickets,7,184,20,N,NA,BNJ Oxenford,C Shamshuddin
1178428,2019 ***,Delhi ***,2019-05-04,League,A ***,REDACTED,Rajasthan Royals,Delhi Capitals,Rajasthan Royals,bat,Delhi Capitals,wickets,5,116,20,N,NA,AY Dandekar,IJ Gould
1178429,2019 ***,Bengaluru ***,2019-05-04,League,SO ***,REDACTED,Sunrisers Hyderabad,Royal Challengers Bangalore,Royal Challengers Bangalore,field,Royal Challengers Bangalore,wickets,4,176,20,N,NA,AK Chaudhary,NJ Llong
1178430,2019 ***,Chandigarh ***,2019-05-05,League,KL ***,REDACTED,Chennai Super Kings,Kings XI Punjab,Kings XI Punjab,field,Kings XI Punjab,wickets,6,171,20,N,NA,C Shamshuddin,KN Ananthapadmanabhan
1178431,2019 ***,Mumbai ***,2019-05-05,League,HH ***,REDACTED,Kolkata Knight Riders,Mumbai Indians,Mumbai Indians,field,Mumbai Indians,wickets,9,134,20,N,NA,A Nand Kishore,CK Nandan
1181764,2019 ***,Chennai ***,2019-05-07,Qualifier 1,SA ***,REDACTED,Chennai Super Kings,Mumbai Indians,Chennai Super Kings,bat,Mumbai Indians,wickets,6,132,20,N,NA,NJ Llong,Nitin Menon
1181766,2019 ***,Visakhapatnam ***,2019-05-08,Eliminator,RR ***,REDACTED,Sunrisers Hyderabad,Delhi Capitals,Delhi Capitals,field,Delhi Capitals,wickets,2,163,20,N,NA,BNJ Oxenford,S Ravi
1181767,2019 ***,Visakhapatnam ***,2019-05-10,Qualifier 2,F ***,REDACTED,Delhi Capitals,Chennai Super Kings,Chennai Super Kings,field,Chennai Super Kings,wickets,6,148,20,N,NA,BNJ Oxenford,S Ravi
1181768,2019 ***,Hyderabad ***,2019-05-12,Final,JJ ***,REDACTED,Mumbai Indians,Chennai Super Kings,Mumbai Indians,bat,Mumbai Indians,runs,1,150,20,N,NA,IJ Gould,Nitin Menon
1216492,2020/21 ***,Abu ***,2020-09-19,League,AT ***,REDACTED,Mumbai Indians,Chennai Super Kings,Chennai Super Kings,field,Chennai Super Kings,wickets,5,163,20,N,NA,CB Gaffaney,VK Sharma
1216493,2020/21 ***,NA ***,2020-09-20,League,MP ***,REDACTED,Delhi Capitals,Kings XI Punjab,Kings XI Punjab,field,Delhi Capitals,tie,NA,158,20,Y,NA,AK Chaudhary,Nitin Menon
1216534,2020/21 ***,NA ***,2020-09-21,League,YS ***,REDACTED,Royal Challengers Bangalore,Sunrisers Hyderabad,Sunrisers Hyderabad,field,Royal Challengers Bangalore,runs,10,164,20,N,NA,AY Dandekar,Nitin Menon
1216496,2020/21 ***,NA ***,2020-09-22,League,SV ***,REDACTED,Rajasthan Royals,Chennai Super Kings,Chennai Super Kings,field,Rajasthan Royals,runs,16,217,20,N,NA,C Shamshuddin,VA Kulkarni
1216508,2020/21 ***,Abu ***,2020-09-23,League,RG ***,REDACTED,Mumbai Indians,Kolkata Knight Riders,Kolkata Knight Riders,field,Mumbai Indians,runs,49,196,20,N,NA,CB Gaffaney,S Ravi
1216510,2020/21 ***,NA ***,2020-09-24,League,KL ***,REDACTED,Kings XI Punjab,Royal Challengers Bangalore,Royal Challengers Bangalore,field,Kings XI Punjab,runs,97,207,20,N,NA,AK Chaudhary,PR Reiffel
1216539,2020/21 ***,NA ***,2020-09-25,League,PP ***,REDACTED,Delhi Capitals,Chennai Super Kings,Chennai Super Kings,field,Delhi Capitals,runs,44,176,20,N,NA,KN Ananthapadmanabhan,RK Illingworth
1216545,2020/21 ***,Abu ***,2020-09-26,League,Shubman ***,REDACTED,Sunrisers Hyderabad,Kolkata Knight Riders,Sunrisers Hyderabad,bat,Kolkata Knight Riders,wickets,7,143,20,N,NA,CB Gaffaney,VK Sharma
1216527,2020/21 ***,NA ***,2020-09-27,League,SV ***,REDACTED,Kings XI Punjab,Rajasthan Royals,Rajasthan Royals,field,Rajasthan Royals,wickets,4,224,20,N,NA,RK Illingworth,K Srinivasan
1216547,2020/21 ***,NA ***,2020-09-28,League,AB ***,REDACTED,Royal Challengers Bangalore,Mumbai Indians,Mumbai Indians,field,Royal Challengers Bangalore,tie,NA,202,20,Y,NA,Nitin Menon,PR Reiffel
1216532,2020/21 ***,Abu ***,2020-09-29,League,Rashid ***,REDACTED,Sunrisers Hyderabad,Delhi Capitals,Delhi Capitals,field,Sunrisers Hyderabad,runs,15,163,20,N,NA,VK Sharma,S Ravi
1216504,2020/21 ***,NA ***,2020-09-30,League,Shivam ***,REDACTED,Kolkata Knight Riders,Rajasthan Royals,Rajasthan Royals,field,Kolkata Knight Riders,runs,37,175,20,N,NA,KN Ananthapadmanabhan,C Shamshuddin
1216503,2020/21 ***,Abu ***,2020-10-01,League,KA ***,REDACTED,Mumbai Indians,Kings XI Punjab,Kings XI Punjab,field,Mumbai Indians,runs,48,192,20,N,NA,VK Sharma,S Ravi
1216516,2020/21 ***,NA ***,2020-10-02,League,PK ***,REDACTED,Sunrisers Hyderabad,Chennai Super Kings,Sunrisers Hyderabad,bat,Sunrisers Hyderabad,runs,7,165,20,N,NA,AK Chaudhary,PR Reiffel
1216514,2020/21 ***,Abu ***,2020-10-03,League,YS ***,REDACTED,Rajasthan Royals,Royal Challengers Bangalore,Rajasthan Royals,bat,Royal Challengers Bangalore,wickets,8,155,20,N,NA,CB Gaffaney,S Ravi
1216515,2020/21 ***,NA ***,2020-10-03,League,SS ***,REDACTED,Delhi Capitals,Kolkata Knight Riders,Kolkata Knight Riders,field,Delhi Capitals,runs,18,229,20,N,NA,VA Kulkarni,RK Illingworth
1216513,2020/21 ***,NA ***,2020-10-04,League,SR ***,REDACTED,Kings XI Punjab,Chennai Super Kings,Kings XI Punjab,bat,Chennai Super Kings,wickets,10,179,20,N,NA,AY Dandekar,Nitin Menon
1216538,2020/21 ***,NA ***,2020-10-04,League,TA ***,REDACTED,Mumbai Indians,Sunrisers Hyderabad,Mumbai Indians,bat,Mumbai Indians,runs,34,209,20,N,NA,KN Ananthapadmanabhan,RK Illingworth
1216519,2020/21 ***,NA ***,2020-10-05,League,AR ***,REDACTED,Delhi Capitals,Royal Challengers Bangalore,Royal Challengers Bangalore,field,Delhi Capitals,runs,59,197,20,N,NA,Nitin Menon,YC Barde
1216511,2020/21 ***,Abu ***,2020-10-06,League,SA ***,REDACTED,Mumbai Indians,Rajasthan Royals,Mumbai Indians,bat,Mumbai Indians,runs,57,194,20,N,NA,VK Sharma,S Ravi
1216501,2020/21 ***,Abu ***,2020-10-07,League,RA ***,REDACTED,Kolkata Knight Riders,Chennai Super Kings,Kolkata Knight Riders,bat,Kolkata Knight Riders,runs,10,168,20,N,NA,KN Ananthapadmanabhan,RK Illingworth
1216542,2020/21 ***,NA ***,2020-10-08,League,JM ***,REDACTED,Sunrisers Hyderabad,Kings XI Punjab,Sunrisers Hyderabad,bat,Sunrisers Hyderabad,runs,69,202,20,N,NA,AK Chaudhary,Nitin Menon
1216500,2020/21 ***,NA ***,2020-10-09,League,R ***,REDACTED,Delhi Capitals,Rajasthan Royals,Rajasthan Royals,field,Delhi Capitals,runs,46,185,20,N,NA,KN Ananthapadmanabhan,C Shamshuddin
1216523,2020/21 ***,Abu ***,2020-10-10,League,KD ***,REDACTED,Kolkata Knight Riders,Kings XI Punjab,Kolkata Knight Riders,bat,Kolkata Knight Riders,runs,2,165,20,N,NA,UV Gandhe,CB Gaffaney
1216525,2020/21 ***,NA ***,2020-10-10,League,V ***,REDACTED,Royal Challengers Bangalore,Chennai Super Kings,Royal Challengers Bangalore,bat,Royal Challengers Bangalore,runs,37,170,20,N,NA,AK Chaudhary,PR Reiffel
1216507,2020/21 ***,NA ***,2020-10-11,League,R ***,REDACTED,Sunrisers Hyderabad,Rajasthan Royals,Sunrisers Hyderabad,bat,Rajasthan Royals,wickets,5,159,20,N,NA,YC Barde,PR Reiffel
1216529,2020/21 ***,Abu ***,2020-10-11,League,Q ***,REDACTED,Delhi Capitals,Mumbai Indians,Delhi Capitals,bat,Mumbai Indians,wickets,5,163,20,N,NA,CB Gaffaney,S Ravi
1216540,2020/21 ***,NA ***,2020-10-12,League,AB ***,REDACTED,Royal Challengers Bangalore,Kolkata Knight Riders,Royal Challengers Bangalore,bat,Royal Challengers Bangalore,runs,82,195,20,N,NA,RK Illingworth,K Srinivasan
1216528,2020/21 ***,NA ***,2020-10-13,League,RA ***,REDACTED,Chennai Super Kings,Sunrisers Hyderabad,Chennai Super Kings,bat,Chennai Super Kings,runs,20,168,20,N,NA,AK Chaudhary,PR Reiffel
1216543,2020/21 ***,NA ***,2020-10-14,League,A ***,REDACTED,Delhi Capitals,Rajasthan Royals,Delhi Capitals,bat,Delhi Capitals,runs,13,162,20,N,NA,AK Chaudhary,Nitin Menon
1216531,2020/21 ***,NA ***,2020-10-15,League,KL ***,REDACTED,Royal Challengers Bangalore,Kings XI Punjab,Royal Challengers Bangalore,bat,Kings XI Punjab,wickets,8,172,20,N,NA,KN Ananthapadmanabhan,C Shamshuddin
1216526,2020/21 ***,Abu ***,2020-10-16,League,Q ***,REDACTED,Kolkata Knight Riders,Mumbai Indians,Kolkata Knight Riders,bat,Mumbai Indians,wickets,8,149,20,N,NA,CB Gaffaney,VK Sharma
1216509,2020/21 ***,NA ***,2020-10-17,League,S ***,REDACTED,Chennai Super Kings,Delhi Capitals,Chennai Super Kings,bat,Delhi Capitals,wickets,5,180,20,N,NA,KN Ananthapadmanabhan,RK Illingworth
1216522,2020/21 ***,NA ***,2020-10-17,League,AB ***,REDACTED,Rajasthan Royals,Royal Challengers Bangalore,Rajasthan Royals,bat,Royal Challengers Bangalore,wickets,7,178,20,N,NA,AK Chaudhary,Nitin Menon
1216512,2020/21 ***,Abu ***,2020-10-18,League,LH ***,REDACTED,Kolkata Knight Riders,Sunrisers Hyderabad,Sunrisers Hyderabad,field,Kolkata Knight Riders,tie,NA,164,20,Y,NA,PG Pathak,S Ravi
1216517,2020/21 ***,NA ***,2020-10-18,League,KL ***,REDACTED,Mumbai Indians,Kings XI Punjab,Mumbai Indians,bat,Kings XI Punjab,tie,NA,177,20,Y,NA,Nitin Menon,PR Reiffel
1216533,2020/21 ***,Abu ***,2020-10-19,League,JC ***,REDACTED,Chennai Super Kings,Rajasthan Royals,Chennai Super Kings,bat,Rajasthan Royals,wickets,7,126,20,N,NA,CB Gaffaney,VK Sharma
1216546,2020/21 ***,NA ***,2020-10-20,League,S ***,REDACTED,Delhi Capitals,Kings XI Punjab,Delhi Capitals,bat,Kings XI Punjab,wickets,5,165,20,N,NA,C Shamshuddin,RK Illingworth
1216494,2020/21 ***,Abu ***,2020-10-21,League,Mohammed ***,REDACTED,Kolkata Knight Riders,Royal Challengers Bangalore,Kolkata Knight Riders,bat,Royal Challengers Bangalore,wickets,8,85,20,N,NA,VK Sharma,S Ravi
1216518,2020/21 ***,NA ***,2020-10-22,League,MK ***,REDACTED,Rajasthan Royals,Sunrisers Hyderabad,Sunrisers Hyderabad,field,Sunrisers Hyderabad,wickets,8,155,20,N,NA,Nitin Menon,PR Reiffel
1216521,2020/21 ***,NA ***,2020-10-23,League,TA ***,REDACTED,Chennai Super Kings,Mumbai Indians,Mumbai Indians,field,Mumbai Indians,wickets,10,115,20,N,NA,C Shamshuddin,VA Kulkarni
1216497,2020/21 ***,Abu ***,2020-10-24,League,CV ***,REDACTED,Kolkata Knight Riders,Delhi Capitals,Delhi Capitals,field,Kolkata Knight Riders,runs,59,195,20,N,NA,CB Gaffaney,PG Pathak
1216498,2020/21 ***,NA ***,2020-10-24,League,CJ ***,REDACTED,Kings XI Punjab,Sunrisers Hyderabad,Sunrisers Hyderabad,field,Kings XI Punjab,runs,12,127,20,N,NA,AY Dandekar,PR Reiffel
1216541,2020/21 ***,Abu ***,2020-10-25,League,BA ***,REDACTED,Mumbai Indians,Rajasthan Royals,Mumbai Indians,bat,Rajasthan Royals,wickets,8,196,20,N,NA,UV Gandhe,VK Sharma
1216544,2020/21 ***,NA ***,2020-10-25,League,RD ***,REDACTED,Royal Challengers Bangalore,Chennai Super Kings,Royal Challengers Bangalore,bat,Chennai Super Kings,wickets,8,146,20,N,NA,C Shamshuddin,RK Illingworth
1216520,2020/21 ***,NA ***,2020-10-26,League,CH ***,REDACTED,Kolkata Knight Riders,Kings XI Punjab,Kings XI Punjab,field,Kings XI Punjab,wickets,8,150,20,N,NA,KN Ananthapadmanabhan,RK Illingworth
1216524,2020/21 ***,NA ***,2020-10-27,League,WP ***,REDACTED,Sunrisers Hyderabad,Delhi Capitals,Delhi Capitals,field,Sunrisers Hyderabad,runs,88,220,20,N,NA,AK Chaudhary,Nitin Menon
1216499,2020/21 ***,Abu ***,2020-10-28,League,SA ***,REDACTED,Royal Challengers Bangalore,Mumbai Indians,Mumbai Indians,field,Mumbai Indians,wickets,5,165,20,N,NA,UV Gandhe,CB Gaffaney
1216536,2020/21 ***,NA ***,2020-10-29,League,RD ***,REDACTED,Kolkata Knight Riders,Chennai Super Kings,Chennai Super Kings,field,Chennai Super Kings,wickets,6,173,20,N,NA,C Shamshuddin,RK Illingworth
1216537,2020/21 ***,Abu ***,2020-10-30,League,BA ***,REDACTED,Kings XI Punjab,Rajasthan Royals,Rajasthan Royals,field,Rajasthan Royals,wickets,7,186,20,N,NA,CB Gaffaney,S Ravi
1216502,2020/21 ***,NA ***,2020-10-31,League,Sandeep ***,REDACTED,Royal Challengers Bangalore,Sunrisers Hyderabad,Sunrisers Hyderabad,field,Sunrisers Hyderabad,wickets,5,121,20,N,NA,KN Ananthapadmanabhan,K Srinivasan
1216535,2020/21 ***,NA ***,2020-10-31,League,Ishan ***,REDACTED,Delhi Capitals,Mumbai Indians,Mumbai Indians,field,Mumbai Indians,wickets,9,111,20,N,NA,YC Barde,PR Reiffel
1216506,2020/21 ***,Abu ***,2020-11-01,League,RD ***,REDACTED,Kings XI Punjab,Chennai Super Kings,Chennai Super Kings,field,Chennai Super Kings,wickets,9,154,20,N,NA,PG Pathak,VK Sharma
1216530,2020/21 ***,NA ***,2020-11-01,League,PJ ***,REDACTED,Kolkata Knight Riders,Rajasthan Royals,Rajasthan Royals,field,Kolkata Knight Riders,runs,60,192,20,N,NA,Nitin Menon,PR Reiffel
1216505,2020/21 ***,Abu ***,2020-11-02,League,A ***,REDACTED,Royal Challengers Bangalore,Delhi Capitals,Delhi Capitals,field,Delhi Capitals,wickets,6,153,20,N,NA,CB Gaffaney,S Ravi
1216495,2020/21 ***,NA ***,2020-11-03,League,S ***,REDACTED,Mumbai Indians,Sunrisers Hyderabad,Sunrisers Hyderabad,field,Sunrisers Hyderabad,wickets,10,150,20,N,NA,C Shamshuddin,RK Illingworth
1237177,2020/21 ***,NA ***,2020-11-05,Qualifier 1,JJ ***,REDACTED,Mumbai Indians,Delhi Capitals,Delhi Capitals,field,Mumbai Indians,runs,57,201,20,N,NA,CB Gaffaney,Nitin Menon
1237178,2020/21 ***,Abu ***,2020-11-06,Eliminator,KS ***,REDACTED,Royal Challengers Bangalore,Sunrisers Hyderabad,Sunrisers Hyderabad,field,Sunrisers Hyderabad,wickets,6,132,20,N,NA,PR Reiffel,S Ravi
1237180,2020/21 ***,Abu ***,2020-11-08,Qualifier 2,MP ***,REDACTED,Delhi Capitals,Sunrisers Hyderabad,Delhi Capitals,bat,Delhi Capitals,runs,17,190,20,N,NA,PR Reiffel,S Ravi
1237181,2020/21 ***,NA ***,2020-11-10,Final,TA ***,REDACTED,Delhi Capitals,Mumbai Indians,Delhi Capitals,bat,Mumbai Indians,wickets,5,157,20,N,NA,CB Gaffaney,Nitin Menon
1254058,2021 ***,Chennai ***,2021-04-09,League,HV ***,REDACTED, Chepauk, Chennai",Mumbai Indians,Royal Challengers Bangalore,Royal Challengers Bangalore,field,Royal Challengers Bangalore,wickets,2,160,20,N,NA,KN Ananthapadmanabhan,Nitin Menon
1254059,2021 ***,Mumbai ***,2021-04-10,League,S ***,REDACTED, Mumbai",Chennai Super Kings,Delhi Capitals,Delhi Capitals,field,Delhi Capitals,wickets,7,189,20,N,NA,AK Chaudhary,VK Sharma
1254060,2021 ***,Chennai ***,2021-04-11,League,N ***,REDACTED, Chepauk, Chennai",Kolkata Knight Riders,Sunrisers Hyderabad,Sunrisers Hyderabad,field,Kolkata Knight Riders,runs,10,188,20,N,NA,KN Ananthapadmanabhan,Nitin Menon
1254061,2021 ***,Mumbai ***,2021-04-12,League,SV ***,REDACTED, Mumbai",Punjab Kings,Rajasthan Royals,Rajasthan Royals,field,Punjab Kings,runs,4,222,20,N,NA,AK Chaudhary,S Ravi
1254062,2021 ***,Chennai ***,2021-04-13,League,RD ***,REDACTED, Chepauk, Chennai",Mumbai Indians,Kolkata Knight Riders,Kolkata Knight Riders,field,Mumbai Indians,runs,10,153,20,N,NA,C Shamshuddin,CB Gaffaney
1254063,2021 ***,Chennai ***,2021-04-14,League,GJ ***,REDACTED, Chepauk, Chennai",Royal Challengers Bangalore,Sunrisers Hyderabad,Sunrisers Hyderabad,field,Royal Challengers Bangalore,runs,6,150,20,N,NA,Nitin Menon,UV Gandhe
1254064,2021 ***,Mumbai ***,2021-04-15,League,JD ***,REDACTED, Mumbai",Delhi Capitals,Rajasthan Royals,Rajasthan Royals,field,Rajasthan Royals,wickets,3,148,20,N,NA,S Ravi,VK Sharma
1254065,2021 ***,Mumbai ***,2021-04-16,League,DL ***,REDACTED, Mumbai",Punjab Kings,Chennai Super Kings,Chennai Super Kings,field,Chennai Super Kings,wickets,6,107,20,N,NA,AK Chaudhary,AY Dandekar
1254066,2021 ***,Chennai ***,2021-04-17,League,KA ***,REDACTED, Chepauk, Chennai",Mumbai Indians,Sunrisers Hyderabad,Mumbai Indians,bat,Mumbai Indians,runs,13,151,20,N,NA,CB Gaffaney,K Srinivasan
1254067,2021 ***,Chennai ***,2021-04-18,League,AB ***,REDACTED, Chepauk, Chennai",Royal Challengers Bangalore,Kolkata Knight Riders,Royal Challengers Bangalore,bat,Royal Challengers Bangalore,runs,38,205,20,N,NA,C Shamshuddin,Nitin Menon
1254068,2021 ***,Mumbai ***,2021-04-18,League,S ***,REDACTED, Mumbai",Punjab Kings,Delhi Capitals,Delhi Capitals,field,Delhi Capitals,wickets,6,196,20,N,NA,AK Chaudhary,PR Reiffel
1254069,2021 ***,Mumbai ***,2021-04-19,League,MM ***,REDACTED, Mumbai",Chennai Super Kings,Rajasthan Royals,Rajasthan Royals,field,Chennai Super Kings,runs,45,189,20,N,NA,PR Reiffel,VK Sharma
1254070,2021 ***,Chennai ***,2021-04-20,League,A ***,REDACTED, Chepauk, Chennai",Mumbai Indians,Delhi Capitals,Mumbai Indians,bat,Delhi Capitals,wickets,6,138,20,N,NA,C Shamshuddin,CB Gaffaney
1254071,2021 ***,Chennai ***,2021-04-21,League,JM ***,REDACTED, Chepauk, Chennai",Punjab Kings,Sunrisers Hyderabad,Punjab Kings,bat,Sunrisers Hyderabad,wickets,9,121,20,N,NA,K Srinivasan,Nitin Menon
1254072,2021 ***,Mumbai ***,2021-04-21,League,F ***,REDACTED, Mumbai",Chennai Super Kings,Kolkata Knight Riders,Kolkata Knight Riders,field,Chennai Super Kings,runs,18,221,20,N,NA,AY Dandekar,PR Reiffel
1254073,2021 ***,Mumbai ***,2021-04-22,League,D ***,REDACTED, Mumbai",Rajasthan Royals,Royal Challengers Bangalore,Royal Challengers Bangalore,field,Royal Challengers Bangalore,wickets,10,178,20,N,NA,J Madanagopal,S Ravi
1254074,2021 ***,Chennai ***,2021-04-23,League,KL ***,REDACTED, Chepauk, Chennai",Mumbai Indians,Punjab Kings,Punjab Kings,field,Punjab Kings,wickets,9,132,20,N,NA,C Shamshuddin,Nitin Menon
1254075,2021 ***,Mumbai ***,2021-04-24,League,CH ***,REDACTED, Mumbai",Kolkata Knight Riders,Rajasthan Royals,Rajasthan Royals,field,Rajasthan Royals,wickets,6,134,20,N,NA,Navdeep Singh,S Ravi
1254076,2021 ***,Mumbai ***,2021-04-25,League,RA ***,REDACTED, Mumbai",Chennai Super Kings,Royal Challengers Bangalore,Chennai Super Kings,bat,Chennai Super Kings,runs,69,192,20,N,NA,AK Chaudhary,VK Sharma
1254077,2021 ***,Chennai ***,2021-04-25,League,PP ***,REDACTED, Chepauk, Chennai",Delhi Capitals,Sunrisers Hyderabad,Delhi Capitals,bat,Delhi Capitals,tie,NA,160,20,Y,NA,CB Gaffaney,KN Ananthapadmanabhan
1254078,2021 ***,Ahmedabad ***,2021-04-26,League,EJG ***,REDACTED, Ahmedabad",Punjab Kings,Kolkata Knight Riders,Kolkata Knight Riders,field,Kolkata Knight Riders,wickets,5,124,20,N,NA,PR Reiffel,YC Barde
1254079,2021 ***,Ahmedabad ***,2021-04-27,League,AB ***,REDACTED, Ahmedabad",Royal Challengers Bangalore,Delhi Capitals,Delhi Capitals,field,Royal Challengers Bangalore,runs,1,172,20,N,NA,S Ravi,VK Sharma
1254080,2021 ***,Delhi ***,2021-04-28,League,RD ***,REDACTED, Delhi",Sunrisers Hyderabad,Chennai Super Kings,Sunrisers Hyderabad,bat,Chennai Super Kings,wickets,7,172,20,N,NA,C Shamshuddin,CK Nandan
1254081,2021 ***,Delhi ***,2021-04-29,League,Q ***,REDACTED, Delhi",Rajasthan Royals,Mumbai Indians,Mumbai Indians,field,Mumbai Indians,wickets,7,172,20,N,NA,CB Gaffaney,KN Ananthapadmanabhan
1254082,2021 ***,Ahmedabad ***,2021-04-29,League,PP ***,REDACTED, Ahmedabad",Kolkata Knight Riders,Delhi Capitals,Delhi Capitals,field,Delhi Capitals,wickets,7,155,20,N,NA,AK Chaudhary,YC Barde
1254083,2021 ***,Ahmedabad ***,2021-04-30,League,Harpreet ***,REDACTED, Ahmedabad",Punjab Kings,Royal Challengers Bangalore,Royal Challengers Bangalore,field,Punjab Kings,runs,34,180,20,N,NA,S Ravi,VK Sharma
1254084,2021 ***,Delhi ***,2021-05-01,League,KA ***,REDACTED, Delhi",Chennai Super Kings,Mumbai Indians,Mumbai Indians,field,Mumbai Indians,wickets,4,219,20,N,NA,KN Ananthapadmanabhan,CK Nandan
1254085,2021 ***,Delhi ***,2021-05-02,League,JC ***,REDACTED, Delhi",Rajasthan Royals,Sunrisers Hyderabad,Sunrisers Hyderabad,field,Rajasthan Royals,runs,55,221,20,N,NA,C Shamshuddin,CB Gaffaney
1254086,2021 ***,Ahmedabad ***,2021-05-02,League,MA ***,REDACTED, Ahmedabad",Punjab Kings,Delhi Capitals,Delhi Capitals,field,Delhi Capitals,wickets,7,167,20,N,NA,AK Chaudhary,AY Dandekar
1254104,2021 ***,Dubai ***,2021-09-19,League,RD ***,REDACTED,Chennai Super Kings,Mumbai Indians,Chennai Super Kings,bat,Chennai Super Kings,runs,20,157,20,N,NA,Nitin Menon,RK Illingworth
1254087,2021 ***,Abu ***,2021-09-20,League,CV ***,REDACTED, Abu Dhabi",Royal Challengers Bangalore,Kolkata Knight Riders,Royal Challengers Bangalore,bat,Kolkata Knight Riders,wickets,9,93,20,N,NA,CB Gaffaney,S Ravi
1254111,2021 ***,Dubai ***,2021-09-21,League,Kartik ***,REDACTED,Rajasthan Royals,Punjab Kings,Punjab Kings,field,Rajasthan Royals,runs,2,186,20,N,NA,AK Chaudhary,MA Gough
1254105,2021 ***,Dubai ***,2021-09-22,League,A ***,REDACTED,Sunrisers Hyderabad,Delhi Capitals,Sunrisers Hyderabad,bat,Delhi Capitals,wickets,8,135,20,N,NA,KN Ananthapadmanabhan,RK Illingworth
1254096,2021 ***,Abu ***,2021-09-23,League,SP ***,REDACTED, Abu Dhabi",Mumbai Indians,Kolkata Knight Riders,Kolkata Knight Riders,field,Kolkata Knight Riders,wickets,7,156,20,N,NA,S Ravi,VK Sharma
1254113,2021 ***,Sharjah ***,2021-09-24,League,DJ ***,REDACTED,Royal Challengers Bangalore,Chennai Super Kings,Chennai Super Kings,field,Chennai Super Kings,wickets,6,157,20,N,NA,AK Chaudhary,Nitin Menon
1254097,2021 ***,Abu ***,2021-09-25,League,SS ***,REDACTED, Abu Dhabi",Delhi Capitals,Rajasthan Royals,Rajasthan Royals,field,Delhi Capitals,runs,33,155,20,N,NA,CB Gaffaney,UV Gandhe
1254107,2021 ***,Sharjah ***,2021-09-25,League,JO ***,REDACTED,Punjab Kings,Sunrisers Hyderabad,Sunrisers Hyderabad,field,Punjab Kings,runs,5,126,20,N,NA,RK Illingworth,YC Barde
1254098,2021 ***,Abu ***,2021-09-26,League,RA ***,REDACTED, Abu Dhabi",Kolkata Knight Riders,Chennai Super Kings,Kolkata Knight Riders,bat,Chennai Super Kings,wickets,2,172,20,N,NA,CB Gaffaney,Tapan Sharma
1254108,2021 ***,Dubai ***,2021-09-26,League,GJ ***,REDACTED,Royal Challengers Bangalore,Mumbai Indians,Mumbai Indians,field,Royal Challengers Bangalore,runs,54,166,20,N,NA,AK Chaudhary,MA Gough
1254100,2021 ***,Dubai ***,2021-09-27,League,JJ ***,REDACTED,Rajasthan Royals,Sunrisers Hyderabad,Rajasthan Royals,bat,Sunrisers Hyderabad,wickets,7,165,20,N,NA,KN Ananthapadmanabhan,Navdeep Singh
1254092,2021 ***,Sharjah ***,2021-09-28,League,SP ***,REDACTED,Delhi Capitals,Kolkata Knight Riders,Kolkata Knight Riders,field,Kolkata Knight Riders,wickets,3,128,20,N,NA,Nitin Menon,HAS Khalid
1254099,2021 ***,Abu ***,2021-09-28,League,KA ***,REDACTED, Abu Dhabi",Punjab Kings,Mumbai Indians,Mumbai Indians,field,Mumbai Indians,wickets,6,136,20,N,NA,S Ravi,VK Sharma
1254103,2021 ***,Dubai ***,2021-09-29,League,YS ***,REDACTED,Rajasthan Royals,Royal Challengers Bangalore,Royal Challengers Bangalore,field,Royal Challengers Bangalore,wickets,7,150,20,N,NA,AY Dandekar,KN Ananthapadmanabhan
1254091,2021 ***,Sharjah ***,2021-09-30,League,JR ***,REDACTED,Sunrisers Hyderabad,Chennai Super Kings,Chennai Super Kings,field,Chennai Super Kings,wickets,6,135,20,N,NA,Nitin Menon,YC Barde
1254102,2021 ***,Dubai ***,2021-10-01,League,KL ***,REDACTED,Kolkata Knight Riders,Punjab Kings,Punjab Kings,field,Punjab Kings,wickets,5,166,20,N,NA,KN Ananthapadmanabhan,RK Illingworth
1254089,2021 ***,Abu ***,2021-10-02,League,RD ***,REDACTED, Abu Dhabi",Chennai Super Kings,Rajasthan Royals,Rajasthan Royals,field,Rajasthan Royals,wickets,7,190,20,N,NA,CB Gaffaney,VK Sharma
1254112,2021 ***,Sharjah ***,2021-10-02,League,AR ***,REDACTED,Mumbai Indians,Delhi Capitals,Delhi Capitals,field,Delhi Capitals,wickets,4,130,20,N,NA,AK Chaudhary,MA Gough
1254090,2021 ***,Sharjah ***,2021-10-03,League,GJ ***,REDACTED,Royal Challengers Bangalore,Punjab Kings,Royal Challengers Bangalore,bat,Royal Challengers Bangalore,runs,6,165,20,N,NA,KN Ananthapadmanabhan,RK Illingworth
1254109,2021 ***,Dubai ***,2021-10-03,League,Shubman ***,REDACTED,Sunrisers Hyderabad,Kolkata Knight Riders,Sunrisers Hyderabad,bat,Kolkata Knight Riders,wickets,6,116,20,N,NA,J Madanagopal,MA Gough
1254110,2021 ***,Dubai ***,2021-10-04,League,AR ***,REDACTED,Chennai Super Kings,Delhi Capitals,Delhi Capitals,field,Delhi Capitals,wickets,3,137,20,N,NA,AK Chaudhary,Nitin Menon
1254093,2021 ***,Sharjah ***,2021-10-05,League,NM ***,REDACTED,Rajasthan Royals,Mumbai Indians,Mumbai Indians,field,Mumbai Indians,wickets,8,91,20,N,NA,AK Chaudhary,MA Gough
1254095,2021 ***,Abu ***,2021-10-06,League,KS ***,REDACTED, Abu Dhabi",Sunrisers Hyderabad,Royal Challengers Bangalore,Royal Challengers Bangalore,field,Sunrisers Hyderabad,runs,4,142,20,N,NA,S Ravi,UV Gandhe
1254094,2021 ***,Dubai ***,2021-10-07,League,KL ***,REDACTED,Chennai Super Kings,Punjab Kings,Punjab Kings,field,Punjab Kings,wickets,6,135,20,N,NA,K Srinivasan,RK Illingworth
1254106,2021 ***,Sharjah ***,2021-10-07,League,Shivam ***,REDACTED,Kolkata Knight Riders,Rajasthan Royals,Rajasthan Royals,field,Kolkata Knight Riders,runs,86,172,20,N,NA,MA Gough,HAS Khalid
1254088,2021 ***,Abu ***,2021-10-08,League,Ishan ***,REDACTED, Abu Dhabi",Mumbai Indians,Sunrisers Hyderabad,Mumbai Indians,bat,Mumbai Indians,runs,42,236,20,N,NA,Tapan Sharma,VK Sharma
1254101,2021 ***,Dubai ***,2021-10-08,League,KS ***,REDACTED,Delhi Capitals,Royal Challengers Bangalore,Royal Challengers Bangalore,field,Royal Challengers Bangalore,wickets,7,165,20,N,NA,KN Ananthapadmanabhan,Nitin Menon
1254114,2021 ***,Dubai ***,2021-10-10,Qualifier 1,RD ***,REDACTED,Delhi Capitals,Chennai Super Kings,Chennai Super Kings,field,Chennai Super Kings,wickets,4,173,20,N,NA,Nitin Menon,RK Illingworth
1254115,2021 ***,Sharjah ***,2021-10-11,Eliminator,SP ***,REDACTED,Royal Challengers Bangalore,Kolkata Knight Riders,Royal Challengers Bangalore,bat,Kolkata Knight Riders,wickets,4,139,20,N,NA,CB Gaffaney,VK Sharma
1254116,2021 ***,Sharjah ***,2021-10-13,Qualifier 2,VR ***,REDACTED,Delhi Capitals,Kolkata Knight Riders,Kolkata Knight Riders,field,Kolkata Knight Riders,wickets,3,136,20,N,NA,KN Ananthapadmanabhan,MA Gough
1254117,2021 ***,Dubai ***,2021-10-15,Final,F ***,REDACTED,Chennai Super Kings,Kolkata Knight Riders,Kolkata Knight Riders,field,Chennai Super Kings,runs,27,193,20,N,NA,Nitin Menon,RK Illingworth
1304047,2022 ***,Mumbai ***,2022-03-26,League,UT ***,REDACTED, Mumbai",Chennai Super Kings,Kolkata Knight Riders,Kolkata Knight Riders,field,Kolkata Knight Riders,wickets,6,132,20,N,NA,AK Chaudhary,Nitin Menon
1304048,2022 ***,Mumbai ***,2022-03-27,League,Kuldeep ***,REDACTED, Mumbai",Mumbai Indians,Delhi Capitals,Delhi Capitals,field,Delhi Capitals,wickets,4,178,20,N,NA,RJ Tucker,HAS Khalid
1304049,2022 ***,Mumbai ***,2022-03-27,League,OF ***,REDACTED, Mumbai",Royal Challengers Bangalore,Punjab Kings,Punjab Kings,field,Punjab Kings,wickets,5,206,20,N,NA,Nitin Menon,YC Barde
1304050,2022 ***,Mumbai ***,2022-03-28,League,Mohammed ***,REDACTED, Mumbai",Lucknow Super Giants,Gujarat Titans,Gujarat Titans,field,Gujarat Titans,wickets,5,159,20,N,NA,PG Pathak,VK Sharma
1304051,2022 ***,Pune ***,2022-03-29,League,SV ***,REDACTED, Pune",Rajasthan Royals,Sunrisers Hyderabad,Sunrisers Hyderabad,field,Rajasthan Royals,runs,61,211,20,N,NA,BNJ Oxenford,UV Gandhe
1304052,2022 ***,Mumbai ***,2022-03-30,League,PWH ***,REDACTED, Mumbai",Kolkata Knight Riders,Royal Challengers Bangalore,Royal Challengers Bangalore,field,Royal Challengers Bangalore,wickets,3,129,20,N,NA,J Madanagopal,Navdeep Singh
1304053,2022 ***,Mumbai ***,2022-03-31,League,E ***,REDACTED, Mumbai",Chennai Super Kings,Lucknow Super Giants,Lucknow Super Giants,field,Lucknow Super Giants,wickets,6,211,20,N,NA,RJ Tucker,VK Sharma
1304054,2022 ***,Mumbai ***,2022-04-01,League,UT ***,REDACTED, Mumbai",Punjab Kings,Kolkata Knight Riders,Kolkata Knight Riders,field,Kolkata Knight Riders,wickets,6,138,20,N,NA,AK Chaudhary,HAS Khalid
1304055,2022 ***,Mumbai ***,2022-04-02,League,JC ***,REDACTED, Mumbai",Rajasthan Royals,Mumbai Indians,Mumbai Indians,field,Rajasthan Royals,runs,23,194,20,N,NA,Nitin Menon,PG Pathak
1304056,2022 ***,Pune ***,2022-04-02,League,LH ***,REDACTED, Pune",Gujarat Titans,Delhi Capitals,Delhi Capitals,field,Gujarat Titans,runs,14,172,20,N,NA,KN Ananthapadmanabhan,UV Gandhe
1304057,2022 ***,Mumbai ***,2022-04-03,League,LS ***,REDACTED, Mumbai",Punjab Kings,Chennai Super Kings,Chennai Super Kings,field,Punjab Kings,runs,54,181,20,N,NA,RJ Tucker,YC Barde
1304058,2022 ***,Mumbai ***,2022-04-04,League,Avesh ***,REDACTED, Mumbai",Lucknow Super Giants,Sunrisers Hyderabad,Sunrisers Hyderabad,field,Lucknow Super Giants,runs,12,170,20,N,NA,J Madanagopal,Navdeep Singh
1304059,2022 ***,Mumbai ***,2022-04-05,League,KD ***,REDACTED, Mumbai",Rajasthan Royals,Royal Challengers Bangalore,Royal Challengers Bangalore,field,Royal Challengers Bangalore,wickets,4,170,20,N,NA,AK Chaudhary,HAS Khalid
1304060,2022 ***,Pune ***,2022-04-06,League,PJ ***,REDACTED, Pune",Mumbai Indians,Kolkata Knight Riders,Kolkata Knight Riders,field,Kolkata Knight Riders,wickets,5,162,20,N,NA,BNJ Oxenford,KN Ananthapadmanabhan
1304061,2022 ***,Mumbai ***,2022-04-07,League,Q ***,REDACTED, Mumbai",Delhi Capitals,Lucknow Super Giants,Lucknow Super Giants,field,Lucknow Super Giants,wickets,6,150,20,N,NA,RJ Tucker,Tapan Sharma
1304062,2022 ***,Mumbai ***,2022-04-08,League,Shubman ***,REDACTED, Mumbai",Punjab Kings,Gujarat Titans,Gujarat Titans,field,Gujarat Titans,wickets,6,190,20,N,NA,AK Chaudhary,VK Sharma
1304063,2022 ***,Mumbai ***,2022-04-09,League,Abhishek ***,REDACTED, Mumbai",Chennai Super Kings,Sunrisers Hyderabad,Sunrisers Hyderabad,field,Sunrisers Hyderabad,wickets,8,155,20,N,NA,Navdeep Singh,Nitin Menon
1304064,2022 ***,Pune ***,2022-04-09,League,Anuj ***,REDACTED, Pune",Mumbai Indians,Royal Challengers Bangalore,Royal Challengers Bangalore,field,Royal Challengers Bangalore,wickets,7,152,20,N,NA,BNJ Oxenford,KN Ananthapadmanabhan
1304065,2022 ***,Mumbai ***,2022-04-10,League,Kuldeep ***,REDACTED, Mumbai",Delhi Capitals,Kolkata Knight Riders,Kolkata Knight Riders,field,Delhi Capitals,runs,44,216,20,N,NA,CB Gaffaney,J Madanagopal
1304066,2022 ***,Mumbai ***,2022-04-10,League,YS ***,REDACTED, Mumbai",Rajasthan Royals,Lucknow Super Giants,Lucknow Super Giants,field,Rajasthan Royals,runs,3,166,20,N,NA,AK Chaudhary,Tapan Sharma
1304067,2022 ***,Mumbai ***,2022-04-11,League,KS ***,REDACTED, Mumbai",Gujarat Titans,Sunrisers Hyderabad,Sunrisers Hyderabad,field,Sunrisers Hyderabad,wickets,8,163,20,N,NA,Chirra Ravikanthreddy,RJ Tucker
1304068,2022 ***,Mumbai ***,2022-04-12,League,S ***,REDACTED, Mumbai",Chennai Super Kings,Royal Challengers Bangalore,Royal Challengers Bangalore,field,Chennai Super Kings,runs,23,217,20,N,NA,Nitin Menon,N Pandit
1304069,2022 ***,Pune ***,2022-04-13,League,MA ***,REDACTED, Pune",Punjab Kings,Mumbai Indians,Mumbai Indians,field,Punjab Kings,runs,12,199,20,N,NA,BNJ Oxenford,UV Gandhe
1304070,2022 ***,Mumbai ***,2022-04-14,League,HH ***,REDACTED, Mumbai",Gujarat Titans,Rajasthan Royals,Rajasthan Royals,field,Gujarat Titans,runs,37,193,20,N,NA,CB Gaffaney,R Pandit
1304071,2022 ***,Mumbai ***,2022-04-15,League,RA ***,REDACTED, Mumbai",Kolkata Knight Riders,Sunrisers Hyderabad,Sunrisers Hyderabad,field,Sunrisers Hyderabad,wickets,7,176,20,N,NA,GR Sadashiv Iyer,VK Sharma
1304072,2022 ***,Mumbai ***,2022-04-16,League,KL ***,REDACTED, Mumbai",Lucknow Super Giants,Mumbai Indians,Mumbai Indians,field,Lucknow Super Giants,runs,18,200,20,N,NA,AK Chaudhary,NA Patwardhan
1304073,2022 ***,Mumbai ***,2022-04-16,League,KD ***,REDACTED, Mumbai",Royal Challengers Bangalore,Delhi Capitals,Delhi Capitals,field,Royal Challengers Bangalore,runs,16,190,20,N,NA,Chirra Ravikanthreddy,J Madanagopal
1304074,2022 ***,Mumbai ***,2022-04-17,League,Umran ***,REDACTED, Mumbai",Punjab Kings,Sunrisers Hyderabad,Sunrisers Hyderabad,field,Sunrisers Hyderabad,wickets,7,152,20,N,NA,PG Pathak,R Pandit
1304075,2022 ***,Pune ***,2022-04-17,League,DA ***,REDACTED, Pune",Chennai Super Kings,Gujarat Titans,Gujarat Titans,field,Gujarat Titans,wickets,3,170,20,N,NA,KN Ananthapadmanabhan,UV Gandhe
1304076,2022 ***,Mumbai ***,2022-04-18,League,YS ***,REDACTED, Mumbai",Rajasthan Royals,Kolkata Knight Riders,Kolkata Knight Riders,field,Rajasthan Royals,runs,7,218,20,N,NA,GR Sadashiv Iyer,VK Sharma
1304077,2022 ***,Mumbai ***,2022-04-19,League,F ***,REDACTED, Mumbai",Royal Challengers Bangalore,Lucknow Super Giants,Lucknow Super Giants,field,Royal Challengers Bangalore,runs,18,182,20,N,NA,CB Gaffaney,N Pandit
1304078,2022 ***,Mumbai ***,2022-04-20,League,Kuldeep ***,REDACTED, Mumbai",Punjab Kings,Delhi Capitals,Delhi Capitals,field,Delhi Capitals,wickets,9,116,20,N,NA,RJ Tucker,Tapan Sharma
1304079,2022 ***,Navi ***,2022-04-21,League,Mukesh ***,REDACTED, Mumbai",Mumbai Indians,Chennai Super Kings,Chennai Super Kings,field,Chennai Super Kings,wickets,3,156,20,N,NA,BNJ Oxenford,UV Gandhe
1304080,2022 ***,Mumbai ***,2022-04-22,League,JC ***,REDACTED, Mumbai",Rajasthan Royals,Delhi Capitals,Delhi Capitals,field,Rajasthan Royals,runs,15,223,20,N,NA,NA Patwardhan,Nitin Menon
1304081,2022 ***,Navi ***,2022-04-23,League,Rashid ***,REDACTED, Mumbai",Gujarat Titans,Kolkata Knight Riders,Gujarat Titans,bat,Gujarat Titans,runs,8,157,20,N,NA,KN Ananthapadmanabhan,UV Gandhe
1304082,2022 ***,Mumbai ***,2022-04-23,League,M ***,REDACTED, Mumbai",Royal Challengers Bangalore,Sunrisers Hyderabad,Sunrisers Hyderabad,field,Sunrisers Hyderabad,wickets,9,69,20,N,NA,Chirra Ravikanthreddy,J Madanagopal
1304083,2022 ***,Mumbai ***,2022-04-24,League,KL ***,REDACTED, Mumbai",Lucknow Super Giants,Mumbai Indians,Mumbai Indians,field,Lucknow Super Giants,runs,36,169,20,N,NA,M Erasmus,HAS Khalid
1304084,2022 ***,Mumbai ***,2022-04-25,League,S ***,REDACTED, Mumbai",Punjab Kings,Chennai Super Kings,Chennai Super Kings,field,Punjab Kings,runs,11,188,20,N,NA,M Erasmus,Tapan Sharma
1304085,2022 ***,Pune ***,2022-04-26,League,R ***,REDACTED, Pune",Rajasthan Royals,Royal Challengers Bangalore,Royal Challengers Bangalore,field,Rajasthan Royals,runs,29,145,20,N,NA,BNJ Oxenford,KN Ananthapadmanabhan
1304086,2022 ***,Mumbai ***,2022-04-27,League,Umran ***,REDACTED, Mumbai",Sunrisers Hyderabad,Gujarat Titans,Gujarat Titans,field,Gujarat Titans,wickets,5,196,20,N,NA,CB Gaffaney,Navdeep Singh
1304087,2022 ***,Mumbai ***,2022-04-28,League,Kuldeep ***,REDACTED, Mumbai",Kolkata Knight Riders,Delhi Capitals,Delhi Capitals,field,Delhi Capitals,wickets,4,147,20,N,NA,AK Chaudhary,PG Pathak
1304088,2022 ***,Pune ***,2022-04-29,League,KH ***,REDACTED, Pune",Lucknow Super Giants,Punjab Kings,Punjab Kings,field,Lucknow Super Giants,runs,20,154,20,N,NA,MA Gough,UV Gandhe
1304089,2022 ***,Mumbai ***,2022-04-30,League,R ***,REDACTED, Mumbai",Royal Challengers Bangalore,Gujarat Titans,Royal Challengers Bangalore,bat,Gujarat Titans,wickets,6,171,20,N,NA,HAS Khalid,VK Sharma
1304090,2022 ***,Navi ***,2022-04-30,League,SA ***,REDACTED, Mumbai",Rajasthan Royals,Mumbai Indians,Mumbai Indians,field,Mumbai Indians,wickets,5,159,20,N,NA,BNJ Oxenford,YC Barde
1304091,2022 ***,Mumbai ***,2022-05-01,League,Mohsin ***,REDACTED, Mumbai",Lucknow Super Giants,Delhi Capitals,Lucknow Super Giants,bat,Lucknow Super Giants,runs,6,196,20,N,NA,Chirra Ravikanthreddy,CB Gaffaney
1304092,2022 ***,Pune ***,2022-05-01,League,RD ***,REDACTED, Pune",Chennai Super Kings,Sunrisers Hyderabad,Sunrisers Hyderabad,field,Chennai Super Kings,runs,13,203,20,N,NA,AK Chaudhary,KN Ananthapadmanabhan
1304093,2022 ***,Mumbai ***,2022-05-02,League,RK ***,REDACTED, Mumbai",Rajasthan Royals,Kolkata Knight Riders,Kolkata Knight Riders,field,Kolkata Knight Riders,wickets,7,153,20,N,NA,J Madanagopal,N Pandit
1304094,2022 ***,Navi ***,2022-05-03,League,K ***,REDACTED, Mumbai",Gujarat Titans,Punjab Kings,Gujarat Titans,bat,Punjab Kings,wickets,8,144,20,N,NA,R Pandit,VK Sharma
1304095,2022 ***,Pune ***,2022-05-04,League,HV ***,REDACTED, Pune",Royal Challengers Bangalore,Chennai Super Kings,Chennai Super Kings,field,Royal Challengers Bangalore,runs,13,174,20,N,NA,KN Ananthapadmanabhan,MA Gough
1304096,2022 ***,Mumbai ***,2022-05-05,League,DA ***,REDACTED, Mumbai",Delhi Capitals,Sunrisers Hyderabad,Sunrisers Hyderabad,field,Delhi Capitals,runs,21,208,20,N,NA,Navdeep Singh,NA Patwardhan
1304097,2022 ***,Mumbai ***,2022-05-06,League,TH ***,REDACTED, Mumbai",Mumbai Indians,Gujarat Titans,Gujarat Titans,field,Mumbai Indians,runs,5,178,20,N,NA,J Madanagopal,GR Sadashiv Iyer
1304098,2022 ***,Mumbai ***,2022-05-07,League,YBK ***,REDACTED, Mumbai",Punjab Kings,Rajasthan Royals,Punjab Kings,bat,Rajasthan Royals,wickets,6,190,20,N,NA,Chirra Ravikanthreddy,YC Barde
1304099,2022 ***,Pune ***,2022-05-07,League,Avesh ***,REDACTED, Pune",Lucknow Super Giants,Kolkata Knight Riders,Kolkata Knight Riders,field,Lucknow Super Giants,runs,75,177,20,N,NA,AK Chaudhary,MA Gough
1304100,2022 ***,Mumbai ***,2022-05-08,League,PWH ***,REDACTED, Mumbai",Royal Challengers Bangalore,Sunrisers Hyderabad,Royal Challengers Bangalore,bat,Royal Challengers Bangalore,runs,67,193,20,N,NA,BNJ Oxenford,N Pandit
1304101,2022 ***,Navi ***,2022-05-08,League,DP ***,REDACTED, Mumbai",Chennai Super Kings,Delhi Capitals,Delhi Capitals,field,Chennai Super Kings,runs,91,209,20,N,NA,Nitin Menon,R Pandit
1304102,2022 ***,Navi ***,2022-05-09,League,JJ ***,REDACTED, Mumbai",Kolkata Knight Riders,Mumbai Indians,Mumbai Indians,field,Kolkata Knight Riders,runs,52,166,20,N,NA,CB Gaffaney,GR Sadashiv Iyer
1304103,2022 ***,Pune ***,2022-05-10,League,Shubman ***,REDACTED, Pune",Gujarat Titans,Lucknow Super Giants,Gujarat Titans,bat,Gujarat Titans,runs,62,145,20,N,NA,KN Ananthapadmanabhan,MA Gough
1304104,2022 ***,Navi ***,2022-05-11,League,MR ***,REDACTED, Mumbai",Rajasthan Royals,Delhi Capitals,Delhi Capitals,field,Delhi Capitals,wickets,8,161,20,N,NA,NA Patwardhan,Nitin Menon
1304105,2022 ***,Mumbai ***,2022-05-12,League,DR ***,REDACTED, Mumbai",Chennai Super Kings,Mumbai Indians,Mumbai Indians,field,Mumbai Indians,wickets,5,98,20,N,NA,Chirra Ravikanthreddy,CB Gaffaney
1304106,2022 ***,Mumbai ***,2022-05-13,League,JM ***,REDACTED, Mumbai",Punjab Kings,Royal Challengers Bangalore,Royal Challengers Bangalore,field,Punjab Kings,runs,54,210,20,N,NA,J Madanagopal,N Pandit
1304107,2022 ***,Pune ***,2022-05-14,League,AD ***,REDACTED, Pune",Kolkata Knight Riders,Sunrisers Hyderabad,Kolkata Knight Riders,bat,Kolkata Knight Riders,runs,54,178,20,N,NA,AK Chaudhary,KN Ananthapadmanabhan
1304108,2022 ***,Mumbai ***,2022-05-15,League,WP ***,REDACTED, Mumbai",Chennai Super Kings,Gujarat Titans,Chennai Super Kings,bat,Gujarat Titans,wickets,7,134,20,N,NA,R Pandit,VK Sharma
1304109,2022 ***,Mumbai ***,2022-05-15,League,TA ***,REDACTED, Mumbai",Rajasthan Royals,Lucknow Super Giants,Rajasthan Royals,bat,Rajasthan Royals,runs,24,179,20,N,NA,PG Pathak,Tapan Sharma
1304110,2022 ***,Navi ***,2022-05-16,League,SN ***,REDACTED, Mumbai",Delhi Capitals,Punjab Kings,Punjab Kings,field,Delhi Capitals,runs,17,160,20,N,NA,GR Sadashiv Iyer,Nitin Menon
1304111,2022 ***,Mumbai ***,2022-05-17,League,RA ***,REDACTED, Mumbai",Sunrisers Hyderabad,Mumbai Indians,Mumbai Indians,field,Sunrisers Hyderabad,runs,3,194,20,N,NA,CB Gaffaney,N Pandit
1304112,2022 ***,Navi ***,2022-05-18,League,Q ***,REDACTED, Mumbai",Lucknow Super Giants,Kolkata Knight Riders,Lucknow Super Giants,bat,Lucknow Super Giants,runs,2,211,20,N,NA,R Pandit,YC Barde
1304113,2022 ***,Mumbai ***,2022-05-19,League,V ***,REDACTED, Mumbai",Gujarat Titans,Royal Challengers Bangalore,Gujarat Titans,bat,Royal Challengers Bangalore,wickets,8,169,20,N,NA,KN Ananthapadmanabhan,GR Sadashiv Iyer
1304114,2022 ***,Mumbai ***,2022-05-20,League,R ***,REDACTED, Mumbai",Chennai Super Kings,Rajasthan Royals,Chennai Super Kings,bat,Rajasthan Royals,wickets,5,151,20,N,NA,CB Gaffaney,NA Patwardhan
1304115,2022 ***,Mumbai ***,2022-05-21,League,JJ ***,REDACTED, Mumbai",Delhi Capitals,Mumbai Indians,Mumbai Indians,field,Mumbai Indians,wickets,5,160,20,N,NA,Nitin Menon,Tapan Sharma
1304116,2022 ***,Mumbai ***,2022-05-22,League,Harpreet ***,REDACTED, Mumbai",Sunrisers Hyderabad,Punjab Kings,Sunrisers Hyderabad,bat,Punjab Kings,wickets,5,158,20,N,NA,AK Chaudhary,NA Patwardhan
1312197,2022 ***,Kolkata ***,2022-05-24,Qualifier 1,DA ***,REDACTED, Kolkata",Rajasthan Royals,Gujarat Titans,Gujarat Titans,field,Gujarat Titans,wickets,7,189,20,N,NA,BNJ Oxenford,VK Sharma
1312198,2022 ***,Kolkata ***,2022-05-25,Eliminator,RM ***,REDACTED, Kolkata",Royal Challengers Bangalore,Lucknow Super Giants,Lucknow Super Giants,field,Royal Challengers Bangalore,runs,14,208,20,N,NA,J Madanagopal,MA Gough
1312199,2022 ***,Ahmedabad ***,2022-05-27,Qualifier 2,JC ***,REDACTED, Ahmedabad",Royal Challengers Bangalore,Rajasthan Royals,Rajasthan Royals,field,Rajasthan Royals,wickets,7,158,20,N,NA,CB Gaffaney,Nitin Menon
1312200,2022 ***,Ahmedabad ***,2022-05-29,Final,HH ***,REDACTED, Ahmedabad",Rajasthan Royals,Gujarat Titans,Rajasthan Royals,bat,Gujarat Titans,wickets,7,131,20,N,NA,CB Gaffaney,Nitin Menon
1359475,2023 ***,Ahmedabad ***,2023-03-31,League,Rashid ***,REDACTED, Ahmedabad",Chennai Super Kings,Gujarat Titans,Gujarat Titans,field,Gujarat Titans,wickets,5,179,20,N,NA,Nitin Menon,HAS Khalid
1359476,2023 ***,Chandigarh ***,2023-04-01,League,Arshdeep ***,REDACTED, Mohali, Chandigarh",Punjab Kings,Kolkata Knight Riders,Kolkata Knight Riders,field,Punjab Kings,runs,7,154,16,N,D/L,BNJ Oxenford,YC Barde
1359477,2023 ***,Lucknow ***,2023-04-01,League,MA ***,REDACTED, Lucknow",Lucknow Super Giants,Delhi Capitals,Delhi Capitals,field,Lucknow Super Giants,runs,50,194,20,N,NA,AK Chaudhary,NA Patwardhan
1359478,2023 ***,Hyderabad ***,2023-04-02,League,JC ***,REDACTED, Uppal, Hyderabad",Rajasthan Royals,Sunrisers Hyderabad,Sunrisers Hyderabad,field,Rajasthan Royals,runs,72,204,20,N,NA,KN Ananthapadmanabhan,R Pandit
1359479,2023 ***,Bengaluru ***,2023-04-02,League,F ***,REDACTED, Bengaluru",Mumbai Indians,Royal Challengers Bangalore,Royal Challengers Bangalore,field,Royal Challengers Bangalore,wickets,8,172,20,N,NA,Nitin Menon,Tapan Sharma
1359480,2023 ***,Chennai ***,2023-04-03,League,MM ***,REDACTED, Chepauk, Chennai",Chennai Super Kings,Lucknow Super Giants,Lucknow Super Giants,field,Chennai Super Kings,runs,12,218,20,N,NA,A Totre,BNJ Oxenford
1359481,2023 ***,Delhi ***,2023-04-04,League,B ***,REDACTED, Delhi",Delhi Capitals,Gujarat Titans,Gujarat Titans,field,Gujarat Titans,wickets,6,163,20,N,NA,A Nand Kishore,GR Sadashiv Iyer
1359482,2023 ***,Guwahati ***,2023-04-05,League,NT ***,REDACTED, Guwahati",Punjab Kings,Rajasthan Royals,Rajasthan Royals,field,Punjab Kings,runs,5,198,20,N,NA,KN Ananthapadmanabhan,MV Saidharshan Kumar
1359483,2023 ***,Kolkata ***,2023-04-06,League,SN ***,REDACTED, Kolkata",Kolkata Knight Riders,Royal Challengers Bangalore,Royal Challengers Bangalore,field,Kolkata Knight Riders,runs,81,205,20,N,NA,Vinod Seshan,VK Sharma
1359484,2023 ***,Lucknow ***,2023-04-07,League,KH ***,REDACTED, Lucknow",Sunrisers Hyderabad,Lucknow Super Giants,Sunrisers Hyderabad,bat,Lucknow Super Giants,wickets,5,122,20,N,NA,J Madanagopal,YC Barde
1359485,2023 ***,Guwahati ***,2023-04-08,League,YBK ***,REDACTED, Guwahati",Rajasthan Royals,Delhi Capitals,Delhi Capitals,field,Rajasthan Royals,runs,57,200,20,N,NA,Navdeep Singh,MV Saidharshan Kumar
1359486,2023 ***,Mumbai ***,2023-04-08,League,RA ***,REDACTED, Mumbai",Mumbai Indians,Chennai Super Kings,Chennai Super Kings,field,Chennai Super Kings,wickets,7,158,20,N,NA,CB Gaffaney,NA Patwardhan
1359487,2023 ***,Ahmedabad ***,2023-04-09,League,RK ***,REDACTED, Ahmedabad",Gujarat Titans,Kolkata Knight Riders,Gujarat Titans,bat,Kolkata Knight Riders,wickets,3,205,20,N,NA,Nitin Menon,Tapan Sharma
1359488,2023 ***,Hyderabad ***,2023-04-09,League,S ***,REDACTED, Uppal, Hyderabad",Punjab Kings,Sunrisers Hyderabad,Sunrisers Hyderabad,field,Sunrisers Hyderabad,wickets,8,144,20,N,NA,BNJ Oxenford,UV Gandhe
1359489,2023 ***,Bengaluru ***,2023-04-10,League,N ***,REDACTED, Bengaluru",Royal Challengers Bangalore,Lucknow Super Giants,Lucknow Super Giants,field,Lucknow Super Giants,wickets,1,213,20,N,NA,AK Chaudhary,A Nand Kishore
1359490,2023 ***,Delhi ***,2023-04-11,League,RG ***,REDACTED, Delhi",Delhi Capitals,Mumbai Indians,Mumbai Indians,field,Mumbai Indians,wickets,6,173,20,N,NA,MA Gough,R Pandit
1359491,2023 ***,Chennai ***,2023-04-12,League,R ***,REDACTED, Chepauk, Chennai",Rajasthan Royals,Chennai Super Kings,Chennai Super Kings,field,Rajasthan Royals,runs,3,176,20,N,NA,Vinod Seshan,VK Sharma
1359492,2023 ***,Chandigarh ***,2023-04-13,League,MM ***,REDACTED, Mohali, Chandigarh",Punjab Kings,Gujarat Titans,Gujarat Titans,field,Gujarat Titans,wickets,6,154,20,N,NA,A Totre,J Madanagopal
1359493,2023 ***,Kolkata ***,2023-04-14,League,HC ***,REDACTED, Kolkata",Sunrisers Hyderabad,Kolkata Knight Riders,Kolkata Knight Riders,field,Sunrisers Hyderabad,runs,23,229,20,N,NA,CB Gaffaney,GR Sadashiv Iyer
1359494,2023 ***,Bengaluru ***,2023-04-15,League,V ***,REDACTED, Bengaluru",Royal Challengers Bangalore,Delhi Capitals,Delhi Capitals,field,Royal Challengers Bangalore,runs,23,175,20,N,NA,KN Ananthapadmanabhan,MV Saidharshan Kumar
1359495,2023 ***,Lucknow ***,2023-04-15,League,Sikandar ***,REDACTED, Lucknow",Lucknow Super Giants,Punjab Kings,Punjab Kings,field,Punjab Kings,wickets,2,160,20,N,NA,HAS Khalid,VK Sharma
1359496,2023 ***,Mumbai ***,2023-04-16,League,VR ***,REDACTED, Mumbai",Kolkata Knight Riders,Mumbai Indians,Mumbai Indians,field,Mumbai Indians,wickets,5,186,20,N,NA,BNJ Oxenford,UV Gandhe
1359497,2023 ***,Ahmedabad ***,2023-04-16,League,SO ***,REDACTED, Ahmedabad",Gujarat Titans,Rajasthan Royals,Rajasthan Royals,field,Rajasthan Royals,wickets,3,178,20,N,NA,AK Chaudhary,CB Gaffaney
1359498,2023 ***,Bengaluru ***,2023-04-17,League,DP ***,REDACTED, Bengaluru",Chennai Super Kings,Royal Challengers Bangalore,Royal Challengers Bangalore,field,Chennai Super Kings,runs,8,227,20,N,NA,KN Ananthapadmanabhan,Navdeep Singh
1359499,2023 ***,Hyderabad ***,2023-04-18,League,C ***,REDACTED, Uppal, Hyderabad",Mumbai Indians,Sunrisers Hyderabad,Sunrisers Hyderabad,field,Mumbai Indians,runs,14,193,20,N,NA,Nitin Menon,Vinod Seshan
1359500,2023 ***,Jaipur ***,2023-04-19,League,MP ***,REDACTED, Jaipur",Lucknow Super Giants,Rajasthan Royals,Rajasthan Royals,field,Lucknow Super Giants,runs,10,155,20,N,NA,J Madanagopal,YC Barde
1359501,2023 ***,Chandigarh ***,2023-04-20,League,Mohammed ***,REDACTED, Mohali, Chandigarh",Royal Challengers Bangalore,Punjab Kings,Punjab Kings,field,Royal Challengers Bangalore,runs,24,175,20,N,NA,AK Chaudhary,GR Sadashiv Iyer
1359502,2023 ***,Delhi ***,2023-04-20,League,I ***,REDACTED, Delhi",Kolkata Knight Riders,Delhi Capitals,Delhi Capitals,field,Delhi Capitals,wickets,4,128,20,N,NA,MA Gough,R Pandit
1359503,2023 ***,Chennai ***,2023-04-21,League,RA ***,REDACTED, Chepauk, Chennai",Sunrisers Hyderabad,Chennai Super Kings,Chennai Super Kings,field,Chennai Super Kings,wickets,7,135,20,N,NA,HAS Khalid,VK Sharma
1359504,2023 ***,Lucknow ***,2023-04-22,League,MM ***,REDACTED, Lucknow",Gujarat Titans,Lucknow Super Giants,Gujarat Titans,bat,Gujarat Titans,runs,7,136,20,N,NA,A Totre,RJ Tucker
1359505,2023 ***,Mumbai ***,2023-04-22,League,SM ***,REDACTED, Mumbai",Punjab Kings,Mumbai Indians,Mumbai Indians,field,Punjab Kings,runs,13,215,20,N,NA,CB Gaffaney,GR Sadashiv Iyer
1359506,2023 ***,Bengaluru ***,2023-04-23,League,GJ ***,REDACTED, Bengaluru",Royal Challengers Bangalore,Rajasthan Royals,Rajasthan Royals,field,Royal Challengers Bangalore,runs,7,190,20,N,NA,MA Gough,MV Saidharshan Kumar
1359507,2023 ***,Kolkata ***,2023-04-23,League,AM ***,REDACTED, Kolkata",Chennai Super Kings,Kolkata Knight Riders,Kolkata Knight Riders,field,Chennai Super Kings,runs,49,236,20,N,NA,Nitin Menon,Tapan Sharma
1359508,2023 ***,Hyderabad ***,2023-04-24,League,AR ***,REDACTED, Uppal, Hyderabad",Delhi Capitals,Sunrisers Hyderabad,Delhi Capitals,bat,Delhi Capitals,runs,7,145,20,N,NA,J Madanagopal,RJ Tucker
1359509,2023 ***,Ahmedabad ***,2023-04-25,League,A ***,REDACTED, Ahmedabad",Gujarat Titans,Mumbai Indians,Mumbai Indians,field,Gujarat Titans,runs,55,208,20,N,NA,AK Chaudhary,A Nand Kishore
1359510,2023 ***,Bengaluru ***,2023-04-26,League,CV ***,REDACTED, Bengaluru",Kolkata Knight Riders,Royal Challengers Bangalore,Royal Challengers Bangalore,field,Kolkata Knight Riders,runs,21,201,20,N,NA,KN Ananthapadmanabhan,R Pandit
1359511,2023 ***,Jaipur ***,2023-04-27,League,YBK ***,REDACTED, Jaipur",Rajasthan Royals,Chennai Super Kings,Rajasthan Royals,bat,Rajasthan Royals,runs,32,203,20,N,NA,A Totre,YC Barde
1359512,2023 ***,Chandigarh ***,2023-04-28,League,MP ***,REDACTED, Mohali, Chandigarh",Lucknow Super Giants,Punjab Kings,Punjab Kings,field,Lucknow Super Giants,runs,56,258,20,N,NA,Nitin Menon,Vinod Seshan
1359513,2023 ***,Kolkata ***,2023-04-29,League,J ***,REDACTED, Kolkata",Kolkata Knight Riders,Gujarat Titans,Gujarat Titans,field,Gujarat Titans,wickets,7,180,20,N,NA,NA Patwardhan,GR Sadashiv Iyer
1359514,2023 ***,Delhi ***,2023-04-29,League,MR ***,REDACTED, Delhi",Sunrisers Hyderabad,Delhi Capitals,Sunrisers Hyderabad,bat,Sunrisers Hyderabad,runs,9,198,20,N,NA,MA Gough,Navdeep Singh
1359515,2023 ***,Chennai ***,2023-04-30,League,DP ***,REDACTED, Chepauk, Chennai",Chennai Super Kings,Punjab Kings,Chennai Super Kings,bat,Punjab Kings,wickets,4,201,20,N,NA,RJ Tucker,UV Gandhe
1359516,2023 ***,Mumbai ***,2023-04-30,League,YBK ***,REDACTED, Mumbai",Rajasthan Royals,Mumbai Indians,Rajasthan Royals,bat,Mumbai Indians,wickets,6,213,20,N,NA,Vinod Seshan,VK Sharma
1359517,2023 ***,Lucknow ***,2023-05-01,League,F ***,REDACTED, Lucknow",Royal Challengers Bangalore,Lucknow Super Giants,Royal Challengers Bangalore,bat,Royal Challengers Bangalore,runs,18,127,20,N,NA,AK Chaudhary,GR Sadashiv Iyer
1359518,2023 ***,Ahmedabad ***,2023-05-02,League,Mohammed ***,REDACTED, Ahmedabad",Delhi Capitals,Gujarat Titans,Delhi Capitals,bat,Delhi Capitals,runs,5,131,20,N,NA,MA Gough,R Pandit
1359519,2023 ***,Lucknow ***,2023-05-03,League,NA ***,REDACTED, Lucknow",Lucknow Super Giants,Chennai Super Kings,Chennai Super Kings,field,NA,no result,NA,NA,NA,N,NA,AK Chaudhary,NA Patwardhan
1359520,2023 ***,Chandigarh ***,2023-05-03,League,Ishan ***,REDACTED, Mohali, Chandigarh",Punjab Kings,Mumbai Indians,Mumbai Indians,field,Mumbai Indians,wickets,6,215,20,N,NA,J Madanagopal,RJ Tucker
1359521,2023 ***,Hyderabad ***,2023-05-04,League,CV ***,REDACTED, Uppal, Hyderabad",Kolkata Knight Riders,Sunrisers Hyderabad,Kolkata Knight Riders,bat,Kolkata Knight Riders,runs,5,172,20,N,NA,KN Ananthapadmanabhan,MA Gough
1359522,2023 ***,Jaipur ***,2023-05-05,League,Rashid ***,REDACTED, Jaipur",Rajasthan Royals,Gujarat Titans,Rajasthan Royals,bat,Gujarat Titans,wickets,9,119,20,N,NA,HAS Khalid,VK Sharma
1359523,2023 ***,Chennai ***,2023-05-06,League,M ***,REDACTED, Chepauk, Chennai",Mumbai Indians,Chennai Super Kings,Chennai Super Kings,field,Chennai Super Kings,wickets,6,140,20,N,NA,BNJ Oxenford,Navdeep Singh
1359524,2023 ***,Delhi ***,2023-05-06,League,PD ***,REDACTED, Delhi",Royal Challengers Bangalore,Delhi Capitals,Royal Challengers Bangalore,bat,Delhi Capitals,wickets,7,182,20,N,NA,RJ Tucker,YC Barde
1359525,2023 ***,Ahmedabad ***,2023-05-07,League,Shubman ***,REDACTED, Ahmedabad",Gujarat Titans,Lucknow Super Giants,Lucknow Super Giants,field,Gujarat Titans,runs,56,228,20,N,NA,AK Chaudhary,A Nand Kishore
1359526,2023 ***,Jaipur ***,2023-05-07,League,GD ***,REDACTED, Jaipur",Rajasthan Royals,Sunrisers Hyderabad,Rajasthan Royals,bat,Sunrisers Hyderabad,wickets,4,215,20,N,NA,Nitin Menon,Vinod Seshan
1359527,2023 ***,Kolkata ***,2023-05-08,League,AD ***,REDACTED, Kolkata",Punjab Kings,Kolkata Knight Riders,Punjab Kings,bat,Kolkata Knight Riders,wickets,5,180,20,N,NA,A Totre,J Madanagopal
1359528,2023 ***,Mumbai ***,2023-05-09,League,SA ***,REDACTED, Mumbai",Royal Challengers Bangalore,Mumbai Indians,Mumbai Indians,field,Mumbai Indians,wickets,6,200,20,N,NA,HAS Khalid,VK Sharma
1359529,2023 ***,Chennai ***,2023-05-10,League,RA ***,REDACTED, Chepauk, Chennai",Chennai Super Kings,Delhi Capitals,Chennai Super Kings,bat,Chennai Super Kings,runs,27,168,20,N,NA,CB Gaffaney,NA Patwardhan
1359530,2023 ***,Kolkata ***,2023-05-11,League,YBK ***,REDACTED, Kolkata",Kolkata Knight Riders,Rajasthan Royals,Rajasthan Royals,field,Rajasthan Royals,wickets,9,150,20,N,NA,RJ Tucker,MV Saidharshan Kumar
1359531,2023 ***,Mumbai ***,2023-05-12,League,SA ***,REDACTED, Mumbai",Mumbai Indians,Gujarat Titans,Gujarat Titans,field,Mumbai Indians,runs,27,219,20,N,NA,Nitin Menon,Tapan Sharma
1359532,2023 ***,Hyderabad ***,2023-05-13,League,PN ***,REDACTED, Uppal, Hyderabad",Sunrisers Hyderabad,Lucknow Super Giants,Sunrisers Hyderabad,bat,Lucknow Super Giants,wickets,7,183,20,N,NA,A Totre,J Madanagopal
1359533,2023 ***,Delhi ***,2023-05-13,League,P ***,REDACTED, Delhi",Punjab Kings,Delhi Capitals,Delhi Capitals,field,Punjab Kings,runs,31,168,20,N,NA,CB Gaffaney,NA Patwardhan
1359534,2023 ***,Jaipur ***,2023-05-14,League,WD ***,REDACTED, Jaipur",Royal Challengers Bangalore,Rajasthan Royals,Royal Challengers Bangalore,bat,Royal Challengers Bangalore,runs,112,172,20,N,NA,KN Ananthapadmanabhan,Navdeep Singh
1359535,2023 ***,Chennai ***,2023-05-14,League,RK ***,REDACTED, Chepauk, Chennai",Chennai Super Kings,Kolkata Knight Riders,Chennai Super Kings,bat,Kolkata Knight Riders,wickets,6,145,20,N,NA,Tapan Sharma,Vinod Seshan
1359536,2023 ***,Ahmedabad ***,2023-05-15,League,Shubman ***,REDACTED, Ahmedabad",Gujarat Titans,Sunrisers Hyderabad,Sunrisers Hyderabad,field,Gujarat Titans,runs,34,189,20,N,NA,J Madanagopal,UV Gandhe
1359537,2023 ***,Lucknow ***,2023-05-16,League,MP ***,REDACTED, Lucknow",Lucknow Super Giants,Mumbai Indians,Mumbai Indians,field,Lucknow Super Giants,runs,5,178,20,N,NA,AK Chaudhary,A Nand Kishore
1359538,2023 ***,Dharamsala ***,2023-05-17,League,RR ***,REDACTED, Dharamsala",Delhi Capitals,Punjab Kings,Punjab Kings,field,Delhi Capitals,runs,15,214,20,N,NA,KN Ananthapadmanabhan,MV Saidharshan Kumar
1359539,2023 ***,Hyderabad ***,2023-05-18,League,V ***,REDACTED, Uppal, Hyderabad",Sunrisers Hyderabad,Royal Challengers Bangalore,Royal Challengers Bangalore,field,Royal Challengers Bangalore,wickets,8,187,20,N,NA,BNJ Oxenford,VK Sharma
1359540,2023 ***,Dharamsala ***,2023-05-19,League,D ***,REDACTED, Dharamsala",Punjab Kings,Rajasthan Royals,Rajasthan Royals,field,Rajasthan Royals,wickets,4,188,20,N,NA,A Nand Kishore,RJ Tucker
1359541,2023 ***,Delhi ***,2023-05-20,League,RD ***,REDACTED, Delhi",Chennai Super Kings,Delhi Capitals,Chennai Super Kings,bat,Chennai Super Kings,runs,77,224,20,N,NA,CB Gaffaney,NA Patwardhan
1359542,2023 ***,Kolkata ***,2023-05-20,League,N ***,REDACTED, Kolkata",Lucknow Super Giants,Kolkata Knight Riders,Kolkata Knight Riders,field,Lucknow Super Giants,runs,1,177,20,N,NA,J Madanagopal,UV Gandhe
1359543,2023 ***,Mumbai ***,2023-05-21,League,C ***,REDACTED, Mumbai",Sunrisers Hyderabad,Mumbai Indians,Mumbai Indians,field,Mumbai Indians,wickets,8,201,20,N,NA,KN Ananthapadmanabhan,RJ Tucker
1359544,2023 ***,Bengaluru ***,2023-05-21,League,Shubman ***,REDACTED, Bengaluru",Royal Challengers Bangalore,Gujarat Titans,Gujarat Titans,field,Gujarat Titans,wickets,6,198,20,N,NA,Nitin Menon,VK Sharma
1370350,2023 ***,Chennai ***,2023-05-23,Qualifier 1,RD ***,REDACTED, Chepauk, Chennai",Chennai Super Kings,Gujarat Titans,Gujarat Titans,field,Chennai Super Kings,runs,15,173,20,N,NA,AK Chaudhary,CB Gaffaney
1370351,2023 ***,Chennai ***,2023-05-24,Eliminator,Akash ***,REDACTED, Chepauk, Chennai",Mumbai Indians,Lucknow Super Giants,Mumbai Indians,bat,Mumbai Indians,runs,81,183,20,N,NA,BNJ Oxenford,VK Sharma
1370352,2023 ***,Ahmedabad ***,2023-05-26,Qualifier 2,Shubman ***,REDACTED, Ahmedabad",Gujarat Titans,Mumbai Indians,Mumbai Indians,field,Gujarat Titans,runs,62,234,20,N,NA,Nitin Menon,RJ Tucker
1370353,2023 ***,Ahmedabad ***,2023-05-29,Final,DP ***,REDACTED, Ahmedabad",Gujarat Titans,Chennai Super Kings,Chennai Super Kings,field,Chennai Super Kings,wickets,5,171,15,N,D/L,Nitin Menon,RJ Tucker
1422119,2024 ***,Chennai ***,2024-03-22,League,Mustafizur ***,REDACTED, Chepauk, Chennai",Royal Challengers Bengaluru,Chennai Super Kings,Royal Challengers Bengaluru,bat,Chennai Super Kings,wickets,6,174,20,N,NA,HAS Khalid,VK Sharma
1422120,2024 ***,Mohali ***,2024-03-23,League,SM ***,REDACTED, Mullanpur",Delhi Capitals,Punjab Kings,Punjab Kings,field,Punjab Kings,wickets,4,175,20,N,NA,J Madanagopal,NA Patwardhan
1422121,2024 ***,Kolkata ***,2024-03-23,League,AD ***,REDACTED, Kolkata",Kolkata Knight Riders,Sunrisers Hyderabad,Sunrisers Hyderabad,field,Kolkata Knight Riders,runs,4,209,20,N,NA,R Pandit,YC Barde
1422122,2024 ***,Jaipur ***,2024-03-24,League,SV ***,REDACTED, Jaipur",Rajasthan Royals,Lucknow Super Giants,Rajasthan Royals,bat,Rajasthan Royals,runs,20,194,20,N,NA,A Totre,HDPK Dharmasena
1422123,2024 ***,Ahmedabad ***,2024-03-24,League,B ***,REDACTED, Ahmedabad",Gujarat Titans,Mumbai Indians,Mumbai Indians,field,Gujarat Titans,runs,6,169,20,N,NA,VA Kulkarni,VK Sharma
1422124,2024 ***,Bengaluru ***,2024-03-25,League,V ***,REDACTED, Bengaluru",Punjab Kings,Royal Challengers Bengaluru,Royal Challengers Bengaluru,field,Royal Challengers Bengaluru,wickets,4,177,20,N,NA,AK Chaudhary,MV Saidharshan Kumar
1422125,2024 ***,Chennai ***,2024-03-26,League,S ***,REDACTED, Chepauk, Chennai",Chennai Super Kings,Gujarat Titans,Gujarat Titans,field,Chennai Super Kings,runs,63,207,20,N,NA,AG Wharf,Tapan Sharma
1422126,2024 ***,Hyderabad ***,2024-03-27,League,Abhishek ***,REDACTED, Uppal, Hyderabad",Sunrisers Hyderabad,Mumbai Indians,Mumbai Indians,field,Sunrisers Hyderabad,runs,31,278,20,N,NA,KN Ananthapadmanabhan,UV Gandhe
1422127,2024 ***,Jaipur ***,2024-03-28,League,R ***,REDACTED, Jaipur",Rajasthan Royals,Delhi Capitals,Delhi Capitals,field,Rajasthan Royals,runs,12,186,20,N,NA,A Nand Kishore,Nitin Menon
1422128,2024 ***,Bengaluru ***,2024-03-29,League,SP ***,REDACTED, Bengaluru",Royal Challengers Bengaluru,Kolkata Knight Riders,Kolkata Knight Riders,field,Kolkata Knight Riders,wickets,7,183,20,N,NA,AK Chaudhary,R Pandit
1422129,2024 ***,Lucknow ***,2024-03-30,League,MP ***,REDACTED, Lucknow",Lucknow Super Giants,Punjab Kings,Lucknow Super Giants,bat,Lucknow Super Giants,runs,21,200,20,N,NA,J Madanagopal,Navdeep Singh
1422130,2024 ***,Ahmedabad ***,2024-03-31,League,MM ***,REDACTED, Ahmedabad",Sunrisers Hyderabad,Gujarat Titans,Sunrisers Hyderabad,bat,Gujarat Titans,wickets,7,163,20,N,NA,HAS Khalid,VK Sharma
1422131,2024 ***,Visakhapatnam ***,2024-03-31,League,KK ***,REDACTED, Visakhapatnam",Delhi Capitals,Chennai Super Kings,Delhi Capitals,bat,Delhi Capitals,runs,20,192,20,N,NA,HDPK Dharmasena,Vinod Seshan
1422132,2024 ***,Mumbai ***,2024-04-01,League,TA ***,REDACTED, Mumbai",Mumbai Indians,Rajasthan Royals,Rajasthan Royals,field,Rajasthan Royals,wickets,6,126,20,N,NA,MV Saidharshan Kumar,YC Barde
1422133,2024 ***,Bengaluru ***,2024-04-02,League,MP ***,REDACTED, Bengaluru",Lucknow Super Giants,Royal Challengers Bengaluru,Royal Challengers Bengaluru,field,Lucknow Super Giants,runs,28,182,20,N,NA,J Madanagopal,NA Patwardhan
1422134,2024 ***,Visakhapatnam ***,2024-04-03,League,SP ***,REDACTED, Visakhapatnam",Kolkata Knight Riders,Delhi Capitals,Kolkata Knight Riders,bat,Kolkata Knight Riders,runs,106,273,20,N,NA,A Totre,UV Gandhe
1422135,2024 ***,Ahmedabad ***,2024-04-04,League,Shashank ***,REDACTED, Ahmedabad",Gujarat Titans,Punjab Kings,Punjab Kings,field,Punjab Kings,wickets,3,200,20,N,NA,Nitin Menon,VA Kulkarni
1422136,2024 ***,Hyderabad ***,2024-04-05,League,Abhishek ***,REDACTED, Uppal, Hyderabad",Chennai Super Kings,Sunrisers Hyderabad,Sunrisers Hyderabad,field,Sunrisers Hyderabad,wickets,6,166,20,N,NA,R Pandit,YC Barde
1422137,2024 ***,Jaipur ***,2024-04-06,League,JC ***,REDACTED, Jaipur",Royal Challengers Bengaluru,Rajasthan Royals,Rajasthan Royals,field,Rajasthan Royals,wickets,6,184,20,N,NA,AG Wharf,Tapan Sharma
1422138,2024 ***,Mumbai ***,2024-04-07,League,R ***,REDACTED, Mumbai",Mumbai Indians,Delhi Capitals,Delhi Capitals,field,Mumbai Indians,runs,29,235,20,N,NA,HDPK Dharmasena,UV Gandhe
1422139,2024 ***,Lucknow ***,2024-04-07,League,Yash ***,REDACTED, Lucknow",Lucknow Super Giants,Gujarat Titans,Lucknow Super Giants,bat,Lucknow Super Giants,runs,33,164,20,N,NA,A Nand Kishore,VK Sharma
1426260,2024 ***,Chennai ***,2024-04-08,League,RA ***,REDACTED, Chepauk, Chennai",Kolkata Knight Riders,Chennai Super Kings,Chennai Super Kings,field,Chennai Super Kings,wickets,7,138,20,N,NA,AK Chaudhary,MV Saidharshan Kumar
1426261,2024 ***,Mohali ***,2024-04-09,League,Nithish ***,REDACTED, Mullanpur",Sunrisers Hyderabad,Punjab Kings,Punjab Kings,field,Sunrisers Hyderabad,runs,2,183,20,N,NA,Navdeep Singh,NA Patwardhan
1426262,2024 ***,Jaipur ***,2024-04-10,League,Rashid ***,REDACTED, Jaipur",Rajasthan Royals,Gujarat Titans,Gujarat Titans,field,Gujarat Titans,wickets,3,197,20,N,NA,HDPK Dharmasena,Vinod Seshan
1426263,2024 ***,Mumbai ***,2024-04-11,League,JJ ***,REDACTED, Mumbai",Royal Challengers Bengaluru,Mumbai Indians,Mumbai Indians,field,Mumbai Indians,wickets,7,197,20,N,NA,Nitin Menon,VA Kulkarni
1426264,2024 ***,Lucknow ***,2024-04-12,League,Kuldeep ***,REDACTED, Lucknow",Lucknow Super Giants,Delhi Capitals,Lucknow Super Giants,bat,Delhi Capitals,wickets,6,168,20,N,NA,R Pandit,YC Barde
1426265,2024 ***,Mohali ***,2024-04-13,League,SO ***,REDACTED, Mullanpur",Punjab Kings,Rajasthan Royals,Rajasthan Royals,field,Rajasthan Royals,wickets,3,148,20,N,NA,AK Chaudhary,Tapan Sharma
1426266,2024 ***,Kolkata ***,2024-04-14,League,PD ***,REDACTED, Kolkata",Lucknow Super Giants,Kolkata Knight Riders,Kolkata Knight Riders,field,Kolkata Knight Riders,wickets,8,162,20,N,NA,A Totre,Vinod Seshan
1426267,2024 ***,Mumbai ***,2024-04-14,League,M ***,REDACTED, Mumbai",Chennai Super Kings,Mumbai Indians,Mumbai Indians,field,Chennai Super Kings,runs,20,207,20,N,NA,Nitin Menon,HAS Khalid
1426268,2024 ***,Bengaluru ***,2024-04-15,League,TM ***,REDACTED, Bengaluru",Sunrisers Hyderabad,Royal Challengers Bengaluru,Royal Challengers Bengaluru,field,Sunrisers Hyderabad,runs,25,288,20,N,NA,AK Chaudhary,R Pandit
1426269,2024 ***,Kolkata ***,2024-04-16,League,JC ***,REDACTED, Kolkata",Kolkata Knight Riders,Rajasthan Royals,Rajasthan Royals,field,Rajasthan Royals,wickets,2,224,20,N,NA,MA Gough,UV Gandhe
1426270,2024 ***,Ahmedabad ***,2024-04-17,League,RR ***,REDACTED, Ahmedabad",Gujarat Titans,Delhi Capitals,Delhi Capitals,field,Delhi Capitals,wickets,6,90,20,N,NA,NA Patwardhan,VK Sharma
1426271,2024 ***,Mohali ***,2024-04-18,League,JJ ***,REDACTED, Mullanpur",Mumbai Indians,Punjab Kings,Punjab Kings,field,Mumbai Indians,runs,9,193,20,N,NA,A Nand Kishore,VA Kulkarni
1426272,2024 ***,Lucknow ***,2024-04-19,League,KL ***,REDACTED, Lucknow",Chennai Super Kings,Lucknow Super Giants,Lucknow Super Giants,field,Lucknow Super Giants,wickets,8,177,20,N,NA,AK Chaudhary,R Pandit
1426273,2024 ***,Delhi ***,2024-04-20,League,TM ***,REDACTED, Delhi",Sunrisers Hyderabad,Delhi Capitals,Delhi Capitals,field,Sunrisers Hyderabad,runs,67,267,20,N,NA,J Madanagopal,Navdeep Singh
1426274,2024 ***,Kolkata ***,2024-04-21,League,AD ***,REDACTED, Kolkata",Kolkata Knight Riders,Royal Challengers Bengaluru,Royal Challengers Bengaluru,field,Kolkata Knight Riders,runs,1,223,20,N,NA,A Totre,Vinod Seshan
1426275,2024 ***,Mohali ***,2024-04-21,League,R ***,REDACTED, Mullanpur",Punjab Kings,Gujarat Titans,Punjab Kings,bat,Gujarat Titans,wickets,3,143,20,N,NA,A Nand Kishore,VA Kulkarni
1426276,2024 ***,Jaipur ***,2024-04-22,League,Sandeep ***,REDACTED, Jaipur",Mumbai Indians,Rajasthan Royals,Mumbai Indians,bat,Rajasthan Royals,wickets,9,180,20,N,NA,AK Chaudhary,MV Saidharshan Kumar
1426277,2024 ***,Chennai ***,2024-04-23,League,MP ***,REDACTED, Chepauk, Chennai",Chennai Super Kings,Lucknow Super Giants,Lucknow Super Giants,field,Lucknow Super Giants,wickets,6,211,20,N,NA,NA Patwardhan,Tapan Sharma
1426278,2024 ***,Delhi ***,2024-04-24,League,RR ***,REDACTED, Delhi",Delhi Capitals,Gujarat Titans,Gujarat Titans,field,Delhi Capitals,runs,4,225,20,N,NA,KN Ananthapadmanabhan,UV Gandhe
1426279,2024 ***,Hyderabad ***,2024-04-25,League,RM ***,REDACTED, Uppal, Hyderabad",Royal Challengers Bengaluru,Sunrisers Hyderabad,Royal Challengers Bengaluru,bat,Royal Challengers Bengaluru,runs,35,207,20,N,NA,Nitin Menon,HAS Khalid
1426280,2024 ***,Kolkata ***,2024-04-26,League,JM ***,REDACTED, Kolkata",Kolkata Knight Riders,Punjab Kings,Punjab Kings,field,Punjab Kings,wickets,8,262,20,N,NA,AK Chaudhary,YC Barde
1426281,2024 ***,Delhi ***,2024-04-27,League,J ***,REDACTED, Delhi",Delhi Capitals,Mumbai Indians,Mumbai Indians,field,Delhi Capitals,runs,10,258,20,N,NA,Navdeep Singh,NA Patwardhan
1426282,2024 ***,Lucknow ***,2024-04-27,League,SV ***,REDACTED, Lucknow",Lucknow Super Giants,Rajasthan Royals,Rajasthan Royals,field,Rajasthan Royals,wickets,7,197,20,N,NA,KN Ananthapadmanabhan,MA Gough
1426283,2024 ***,Ahmedabad ***,2024-04-28,League,WG ***,REDACTED, Ahmedabad",Gujarat Titans,Royal Challengers Bengaluru,Royal Challengers Bengaluru,field,Royal Challengers Bengaluru,wickets,9,201,20,N,NA,Nitin Menon,VK Sharma
1426284,2024 ***,Chennai ***,2024-04-28,League,RD ***,REDACTED, Chepauk, Chennai",Chennai Super Kings,Sunrisers Hyderabad,Sunrisers Hyderabad,field,Chennai Super Kings,runs,78,213,20,N,NA,R Pandit,MV Saidharshan Kumar
1426285,2024 ***,Kolkata ***,2024-04-29,League,CV ***,REDACTED, Kolkata",Delhi Capitals,Kolkata Knight Riders,Delhi Capitals,bat,Kolkata Knight Riders,wickets,7,154,20,N,NA,Navdeep Singh,Tapan Sharma
1426286,2024 ***,Lucknow ***,2024-04-30,League,MP ***,REDACTED, Lucknow",Mumbai Indians,Lucknow Super Giants,Lucknow Super Giants,field,Lucknow Super Giants,wickets,4,145,20,N,NA,MA Gough,UV Gandhe
1426287,2024 ***,Chennai ***,2024-05-01,League,Harpreet ***,REDACTED, Chepauk, Chennai",Chennai Super Kings,Punjab Kings,Punjab Kings,field,Punjab Kings,wickets,7,163,20,N,NA,HAS Khalid,VK Sharma
1426288,2024 ***,Hyderabad ***,2024-05-02,League,B ***,REDACTED, Uppal, Hyderabad",Sunrisers Hyderabad,Rajasthan Royals,Sunrisers Hyderabad,bat,Sunrisers Hyderabad,runs,1,202,20,N,NA,AK Chaudhary,YC Barde
1426289,2024 ***,Mumbai ***,2024-05-03,League,VR ***,REDACTED, Mumbai",Kolkata Knight Riders,Mumbai Indians,Mumbai Indians,field,Kolkata Knight Riders,runs,24,170,20,N,NA,J Madanagopal,Tapan Sharma
1426290,2024 ***,Bengaluru ***,2024-05-04,League,Mohammed ***,REDACTED, Bengaluru",Gujarat Titans,Royal Challengers Bengaluru,Royal Challengers Bengaluru,field,Royal Challengers Bengaluru,wickets,4,148,20,N,NA,A Totre,Vinod Seshan
1426291,2024 ***,Dharamsala ***,2024-05-05,League,RA ***,REDACTED, Dharamsala",Chennai Super Kings,Punjab Kings,Punjab Kings,field,Chennai Super Kings,runs,28,168,20,N,NA,A Nand Kishore,VA Kulkarni
1426292,2024 ***,Lucknow ***,2024-05-05,League,SP ***,REDACTED, Lucknow",Kolkata Knight Riders,Lucknow Super Giants,Lucknow Super Giants,field,Kolkata Knight Riders,runs,98,236,20,N,NA,MV Saidharshan Kumar,YC Barde
1426293,2024 ***,Mumbai ***,2024-05-06,League,SA ***,REDACTED, Mumbai",Sunrisers Hyderabad,Mumbai Indians,Mumbai Indians,field,Mumbai Indians,wickets,7,174,20,N,NA,Navdeep Singh,Tapan Sharma
1426294,2024 ***,Delhi ***,2024-05-07,League,Kuldeep ***,REDACTED, Delhi",Delhi Capitals,Rajasthan Royals,Rajasthan Royals,field,Delhi Capitals,runs,20,222,20,N,NA,KN Ananthapadmanabhan,UV Gandhe
1426295,2024 ***,Hyderabad ***,2024-05-08,League,TM ***,REDACTED, Uppal, Hyderabad",Lucknow Super Giants,Sunrisers Hyderabad,Lucknow Super Giants,bat,Sunrisers Hyderabad,wickets,10,166,20,N,NA,MV Saidharshan Kumar,YC Barde
1426296,2024 ***,Dharamsala ***,2024-05-09,League,V ***,REDACTED, Dharamsala",Royal Challengers Bengaluru,Punjab Kings,Punjab Kings,field,Royal Challengers Bengaluru,runs,60,242,20,N,NA,Nitin Menon,HAS Khalid
1426297,2024 ***,Ahmedabad ***,2024-05-10,League,Shubman ***,REDACTED, Ahmedabad",Gujarat Titans,Chennai Super Kings,Chennai Super Kings,field,Gujarat Titans,runs,35,232,20,N,NA,KN Ananthapadmanabhan,NA Patwardhan
1426298,2024 ***,Kolkata ***,2024-05-11,League,CV ***,REDACTED, Kolkata",Kolkata Knight Riders,Mumbai Indians,Mumbai Indians,field,Kolkata Knight Riders,runs,18,158,16,N,NA,UV Gandhe,Vinod Seshan
1426299,2024 ***,Chennai ***,2024-05-12,League,Simarjeet ***,REDACTED, Chepauk, Chennai",Rajasthan Royals,Chennai Super Kings,Rajasthan Royals,bat,Chennai Super Kings,wickets,5,142,20,N,NA,R Pandit,YC Barde
1426300,2024 ***,Bengaluru ***,2024-05-12,League,C ***,REDACTED, Bengaluru",Royal Challengers Bengaluru,Delhi Capitals,Delhi Capitals,field,Royal Challengers Bengaluru,runs,47,188,20,N,NA,A Nand Kishore,VA Kulkarni
1426302,2024 ***,Delhi ***,2024-05-14,League,I ***,REDACTED, Delhi",Delhi Capitals,Lucknow Super Giants,Lucknow Super Giants,field,Delhi Capitals,runs,19,209,20,N,NA,A Totre,Vinod Seshan
1426303,2024 ***,Guwahati ***,2024-05-15,League,SM ***,REDACTED, Guwahati",Rajasthan Royals,Punjab Kings,Rajasthan Royals,bat,Punjab Kings,wickets,5,145,20,N,NA,R Pandit,MV Saidharshan Kumar
1426305,2024 ***,Mumbai ***,2024-05-17,League,N ***,REDACTED, Mumbai",Lucknow Super Giants,Mumbai Indians,Mumbai Indians,field,Lucknow Super Giants,runs,18,215,20,N,NA,Navdeep Singh,R Pandit
1426306,2024 ***,Bengaluru ***,2024-05-18,League,F ***,REDACTED, Bengaluru",Royal Challengers Bengaluru,Chennai Super Kings,Chennai Super Kings,field,Royal Challengers Bengaluru,runs,27,219,20,N,NA,A Totre,KN Ananthapadmanabhan
1426307,2024 ***,Hyderabad ***,2024-05-19,League,Abhishek ***,REDACTED, Uppal, Hyderabad",Punjab Kings,Sunrisers Hyderabad,Punjab Kings,bat,Sunrisers Hyderabad,wickets,4,215,20,N,NA,Nitin Menon,VK Sharma
1426309,2024 ***,Ahmedabad ***,2024-05-21,Qualifier 1,MA ***,REDACTED, Ahmedabad",Sunrisers Hyderabad,Kolkata Knight Riders,Sunrisers Hyderabad,bat,Kolkata Knight Riders,wickets,8,160,20,N,NA,AK Chaudhary,R Pandit
1426310,2024 ***,Ahmedabad ***,2024-05-22,Eliminator,R ***,REDACTED, Ahmedabad",Royal Challengers Bengaluru,Rajasthan Royals,Rajasthan Royals,field,Rajasthan Royals,wickets,4,173,20,N,NA,KN Ananthapadmanabhan,MV Saidharshan Kumar
1426311,2024 ***,Chennai ***,2024-05-24,Qualifier 2,Shahbaz ***,REDACTED, Chepauk, Chennai",Sunrisers Hyderabad,Rajasthan Royals,Rajasthan Royals,field,Sunrisers Hyderabad,runs,36,176,20,N,NA,Nitin Menon,VK Sharma
1426312,2024 ***,Chennai ***,2024-05-26,Final,MA ***,REDACTED, Chepauk, Chennai",Sunrisers Hyderabad,Kolkata Knight Riders,Sunrisers Hyderabad,bat,Kolkata Knight Riders,wickets,8,114,20,N,NA,J Madanagopal,Nitin Menon
